# photon_energy [eV] | photoionization cross section [Mb]
12.0247804121276   0
12.034522210753   0.139218
12.0356862056731   0.909874
12.0368533480104   0.977087
12.0380177939373   1.36901
12.0391838683965   0.785679
12.0403501687836   0.330641
12.0415166951641   0.845206
12.0426834476037   0.550417
12.0438504261682   1.08885
12.0450176309233   0.958449
12.0461836570889   0.637965
12.0473514312434   0.559378
12.0485193147153   0.256375
12.049687424641   0.188686
12.0508557610863   0.619534
12.0520243241172   1.11635
12.0531917073185   1.68956
12.0543621301992   0.763232
12.0555299663555   2.64986
12.0566995533899   2.45051
12.0578692500875   3.84742
12.0590391737664   2.9236
12.0602093244927   2.49292
12.0613797023326   2.14317
12.0625503073522   2.48054
12.0637197306785   0.95519
12.0648907899824   0.693646
12.0660620766644   0.465126
12.0672337082707   0.657429
12.0684054499305   0.441998
12.0695774191672   0.466292
12.0707482054659   0.431007
12.0719220406366   0.949624
12.0730932818725   0.675856
12.074266161806   0.609989
12.075439269648   0.67193
12.0766127231278   0.315125
12.0777862870093   1.04
12.0789600789988   1.17506
12.0801340991629   1.40034
12.0813069345178   1.65978
12.0824814109558   1.2543
12.0836561157679   2.0777
12.0848310490207   2.08294
12.086006210781   2.29969
12.087181718984   2.24427
12.0883559232825   2.29031
12.0895331856875   1.36509
12.0907078469171   1.32494
12.0918841519624   0.929445
12.0930606859155   0.595265
12.0942374488431   1.04398
12.095414440812   0.710578
12.0965917799416   0.753647
12.097769230217   0.790836
12.0989454925553   0.483857
12.100123401106   1.04142
12.1013015390326   4.06829
12.1024799064021   1.54158
12.1036585032817   2.05144
12.1048373297383   2.47995
12.1060156764212   1.65036
12.1071957899105   2.30763
12.1083745958296   2.35595
12.1095543411503   1.86234
12.1107343163838   1.71696
12.1119138114878   2.94613
12.1130942466099   2.98603
12.1142749118465   3.268
12.1154558072647   2.179
12.1166363407126   2.386
12.1178176965807   2.147
12.1189992828326   3.824
12.1201803884565   3.094
12.121363146757   3.13333
12.1225447132079   1.2345
12.1237265100348   1.02252
12.1249099605731   0.991178
12.1260922186317   1.65624
12.1272755378322   0.678309
12.1284589693275   1.02808
12.1296419196243   2.02614
12.1308258130306   0.845206
12.1320099375632   2.2402
12.13319429329   1.90004
12.1343781675327   2.07514
12.1355629857117   3.25979
12.1367481541254   2.26451
12.1379327220265   1.72267
12.1391189477876   1.25204
12.1403039785437   1.80561
12.1414892406897   1.84012
12.1426761617354   0.87309
12.1438618871434   0.722964
12.1450485581448   0.304206
12.1462355801098   0.188626
12.1474220008041   2.4692
12.1486093677141   1.30009
12.1497969667686   2.249
12.1509847980356   1.79411
12.1521721467453   2.63474
12.1533604425019   1.168
12.1545489706752   1.29193
12.1557370160764   0.873843
12.156926128381   1.70024
12.1581153540976   1.09355
12.1593040968269   1.11682
12.1604937878513   2.07019
12.161683711702   1.17807
12.1628738684475   1.27535
12.1640635419185   0.845091
12.1652541645183   0.717034
12.166445020218   1.28239
12.1676245231219   0.65106
12.1688275506575   2.10833
12.1700183891522   1.24417
12.1711984655347   0.862796
12.1724021999289   1.34177
12.1735820213168   1.25703
12.1747746276641   2.05291
12.1759789499569   0.984564
12.17715958447   1.61661
12.1783520543444   2.11219
12.1795461939149   1.93952
12.180739131284   0.763522
12.1819330207061   1.68907
12.1831271441882   1.65608
12.184320783174   1.9764
12.185515494636   1.57397
12.1867103205936   0.8746
12.1879053808867   1.338
12.1890999563952   2.539
12.190295485425   1.342
12.191491248997   1.459
12.1926865275682   2.012
12.1938836000031   2.697
12.1950793477452   1.617
12.1962753300234   1.351
12.1974729872611   1.56513
12.1986694391011   1.65385
12.1998668461443   0.888728
12.2010644882828   1.88354
12.2022616448428   1.67812
12.2034597572379   1.39431
12.204658225107   1.29869
12.2058568082009   0.783099
12.2070549054273   0.823986
12.2082539593323   1.07483
12.2094532488177   0.555702
12.2106520522185   1.33115
12.2118525348075   2.01266
12.2130518094327   2.82835
12.2142513196325   1.29475
12.2154526304636   2.83838
12.2166526123283   3.16028
12.2178535525618   0.000431
12.219054728932   1.01235
12.2202554186382   0.553053
12.2214570673482   0.535259
12.2226589524039   0.0427168
12.2238610738748   0.476649
12.2250627083919   0.648608
12.2262654233573   0.0494103
12.2274682543742   0.88588
12.2286705982196   1.14688
12.2298746265614   1.05469
12.2310774437204   1.27318
12.2322804974985   1.90472
12.2334852368378   0.189079
12.2346887643489   2.65354
12.235893374197   0.828593
12.2370981004661   1.2662
12.2383023389826   1.6658
12.2395075396874   0.612319
12.2407129777864   1.44936
12.24191865335   2.54962
12.24312384087   1.25887
12.2443299914301   0.832918
12.2455363796652   0.895767
12.2467424006397   0.000316254
12.2479499904667   1.32513
12.2491563658791   0.887402
12.2503629789615   0.926721
12.2515712829434   1.29774
12.2527783718629   2.34387
12.2539864255294   1.30907
12.2551947174337   0.823545
12.2564025204934   1.06668
12.2576114101575   1.06459
12.2588204170786   0.981911
12.2600296625197   1.0693
12.2612384188244   0.334789
12.2624481413734   2.31673
12.263658102654   1.16161
12.2648675745794   2.60575
12.2660788630767   1.71802
12.2672888125554   1.45176
12.268499000761   0.815171
12.2697108852299   0.460276
12.2709215513892   0.682811
12.2721331855082   1.26735
12.273345058925   1.66322
12.2745564424019   1.40893
12.275768794483   0.613984
12.276981507674   0.374331
12.2781943388712   1.76303
12.2794066798357   1.78548
12.2806199902647   1.65112
12.2818335404883   0.862517
12.2830466002597   0.865316
12.2842613606036   0.309758
12.285474900031   0.572485
12.2866886792487   0.837235
12.2879042819347   0.195704
12.2891185412593   1.48078
12.2903337717722   2.19524
12.2915492426492   1.47516
12.2927642224876   1.02561
12.293980174162   1.26825
12.2951963664144   2.24961
12.2964127993164   2.40427
12.2976287408863   1.95384
12.2988457771895   2.12873
12.3000629323478   1.54569
12.3012795959538   1.74639
12.3024979655419   2.14927
12.3037151109432   0.549674
12.3049324972044   0.722712
12.3061515905327   2.07567
12.3073694590185   1.65966
12.3085884241636   0.977772
12.3098075085431   1.44879
12.3110261007823   2.25879
12.3122456681052   1.02949
12.31346547708   0.601931
12.3146855277785   0.834601
12.3159050860424   2.18306
12.3171256202586   2.38612
12.3183463964143   1.79884
12.3195668023587   1.50583
12.3207887973004   1.48259
12.3220095647719   2.01818
12.3232305741794   2.50632
12.3244532960945   1.94343
12.3256747898811   1.86604
12.3268972613613   2.84993
12.3281192396696   2.2451
12.3293421961074   2.5747
12.3305655178683   1.78295
12.3317882235972   2.95544
12.3330126443815   2.94532
12.3342358354995   2.68367
12.3354592692743   2.84203
12.3366844191981   3.95006
12.3379083387956   3.89133
12.3391332382693   4.70786
12.3403585038398   4.75766
12.3415831525922   5.05467
12.342808781877   5.21128
12.3440346546178   5.28114
12.3452607708872   5.2097
12.3464863928765   4.98308
12.3477129962742   5.35804
12.3489398434182   4.51062
12.35016619606   4.67502
12.3513943923138   4.53179
12.3526212325427   4.98141
12.353848316515   4.61005
12.3550771221203   4.45528
12.3563046940914   4.20769
12.3575332492265   4.171
12.3587620486898   3.59518
12.3599903530582   3.71722
12.3612197645238   3.10977
12.3624492972871   2.37777
12.3636790746704   1.78814
12.364908356662   1.48146
12.3661386233573   1.57161
12.3673691348917   2.29324
12.3685991508116   1.45239
12.3698308927703   2.13473
12.3710613984393   1.73352
12.3722922724398   1.00659
12.373524750113   2.02068
12.3747559908311   3.44111
12.3759882180172   2.67137
12.3772206906279   2.83942
12.3784526670294   1.91219
12.3796856305617   1.0147
12.3809188397386   0.765107
12.3821524183254   1.15352
12.3833853767382   0.924681
12.3846193231665   0.148226
12.3858535155333   1.27595
12.3870872111699   1.73115
12.3883226383764   0.000908712
12.3895568259616   0.508248
12.3907912594833   2.05677
12.3920275495735   1.64955
12.39326247551   2.09401
12.3944983912349   1.51973
12.3957345534873   1.37784
12.3969702184131   2.30597
12.3982068737934   1.38634
12.3994437759226   1.55965
12.4006809248745   2.20783
12.4019175762013   1.96944
12.4031553429834   1.24662
12.404393232723   1.21685
12.4056306246133   1.808
12.4068697536314   2.525
12.4081076396831   2.586
12.4093457727777   1.427
12.4105856441147   2.022
12.4118242718148   1.662
12.4130640169505   2.111
12.4143038854379   1.39
12.4155432554779   1.974
12.4167836193129   1.541
12.4180242310075   1.167
12.4192650906361   1.282
12.4205054515178   2.307
12.421746807088   1.60981
12.4229884108153   1.55067
12.4242295155709   1.64991
12.4254724875972   1.53301
12.4267140887651   1.81623
12.4279559380889   1.64155
12.4291995312448   1.33515
12.4304296608909   2.39073
12.4316852200401   1.95441
12.4329288114305   1.82236
12.4341598041378   2.19631
12.4354159922203   2.87464
12.4366482262135   2.09335
12.4378920619434   2.24248
12.4391491291293   2.56188
12.4403819782507   1.90823
12.4416265609831   2.44484
12.4428722671208   2.1101
12.4441180978009   2.54146
12.4453641779813   2.41123
12.4466097578393   2.86763
12.4478563370947   2.99033
12.4491031660752   2.85568
12.4503494945077   2.95393
12.4515975735118   3.41803
12.4528445265773   3.05968
12.4540914791512   3.41149
12.4553404336906   3.47468
12.4565880113731   3.9117
12.4578365902563   4.11694
12.4590854194658   4.32927
12.4603337475248   4.52136
12.4615830774619   4.91907
12.4628326579513   5.64889
12.4640826144022   6.21132
12.4653319440921   6.8662
12.4665822765646   7.94104
12.4678328598909   8.79394
12.4690829415387   9.75477
12.470334779407   10.4354
12.471585362838   11.3827
12.4728361971228   11.9587
12.4740889142966   12.5724
12.4753402508431   12.7717
12.4765925919846   12.6642
12.4778451845847   12.5997
12.4790972749019   12.137
12.4803503704951   11.5496
12.4816037177742   10.9339
12.4828573168149   10.2666
12.4841104132703   9.32872
12.4853645159105   8.22591
12.4866189963278   6.81198
12.4878728481701   5.4317
12.4891284619094   4.21598
12.4903828178069   2.60856
12.4916374256943   1.7899
12.492893796617   1.14183
12.4941489090155   1.76732
12.4954050294205   3.12795
12.4966615284134   3.46326
12.4979173980228   2.82173
12.499174276323   2.13329
12.5004314074496   2.56391
12.501688791479   2.70853
12.5029456717862   2.54564
12.5042028048444   2.6088
12.5054617047411   2.42774
12.5067193438345   2.47245
12.5079781194366   3.02168
12.5092370222067   2.99564
12.5104954207991   3.17082
12.5117548303683   2.78211
12.5130144935281   2.43844
12.5142744103552   2.21529
12.5155338227005   2.65967
12.5167942469392   3.05717
12.5180550514969   2.55878
12.5193152249483   2.66984
12.520577169818   2.19057
12.5218378511417   1.6844
12.5230987863638   2.57707
12.524361494152   1.92506
12.525622937707   1.97324
12.5268853949924   1.98163
12.5281481067895   2.02876
12.5294104399187   1.7196
12.5306736608425   1.71861
12.531937136509   2.02202
12.5332008669954   2.32917
12.5344640918575   2.65723
12.5357283320613   2.17693
12.5369928273162   2.51428
12.538256816718   2.63651
12.5395227101439   2.82775
12.5407872097524   2.96665
12.5420519644138   2.9281
12.5433184973968   2.58669
12.5445837627028   3.01951
12.5458500451966   3.08871
12.5471165833598   3.17086
12.5483826150588   3.02434
12.5496496646393   3.3585
12.5509170972081   3.9912
12.5521846586953   3.83038
12.5534517134125   3.72901
12.554719786937   3.93084
12.5559881166736   3.86804
12.5572559394105   4.1317
12.5585255450936   4.0948
12.5597938803345   4.32906
12.5610624717898   4.79522
12.5623329746677   4.63372
12.5636020791189   4.92018
12.5648722042329   5.09707
12.5661425861811   5.26101
12.5674124605167   5.71242
12.5686833562122   6.17159
12.5699545089756   6.22422
12.571225918885   6.45413
12.5724969483989   6.58143
12.5737688727052   6.07934
12.5750410543916   5.51155
12.5763127279283   5.00199
12.5775861902171   4.73424
12.5788583785948   4.43081
12.5801308243553   4.33218
12.5814050600324   3.82182
12.5826781488334   4.27329
12.5839521340853   3.87489
12.585226377343   3.77393
12.5865001118364   3.82071
12.5877748711859   4.28073
12.5890498887765   4.47157
12.5903251646867   4.76416
12.5915999315248   4.71733
12.5928757241542   5.10412
12.5941519033024   5.80225
12.5954274452099   6.33022
12.5967047817037   7.11423
12.5979808408033   7.95342
12.5992571584614   9.42713
12.6005352718758   11.2385
12.601812107198   13.0122
12.6030899701859   15.1169
12.60436822053   17.0106
12.605645832809   18.7795
12.6069244734581   20.0456
12.6082033735287   20.2633
12.6094825330997   19.6762
12.6107611824424   18.2773
12.6120408610951   16.3382
12.6133207994853   14.4985
12.6146002274155   12.4338
12.6158815842   10.4903
12.6171615317139   8.62162
12.618441738969   6.50716
12.6197237478489   4.50249
12.6210044751365   2.66479
12.6222862336181   1.96709
12.6235682524707   1.44487
12.6248497602448   1.58244
12.6261322999207   2.26309
12.627415228846   2.97615
12.6286982898456   2.81625
12.6299808394571   2.83206
12.6312644219152   2.83931
12.6325482653003   2.85083
12.6338315970649   2.87305
12.6351167351697   2.70127
12.636400588872   2.9884
12.6376848323552   2.47831
12.6389707545367   2.42438
12.6402553916118   2.61156
12.6415410634271   2.51374
12.6428269968067   2.79153
12.6441124179456   2.64029
12.645398874536   2.99943
12.6466855929302   3.26013
12.6479727022679   3.01729
12.6492590409351   2.82208
12.6505466741753   2.84145
12.6518344404533   2.86306
12.653121693947   2.9404
12.6544107597009   2.54801
12.6556985375268   2.57874
12.6569865774812   2.60707
12.6582765601532   2.84231
12.6595649956505   3.01382
12.6608547280448   3.13609
12.662143817814   2.97092
12.6634339463643   3.09898
12.6647243378402   2.47998
12.6660142157538   3.12199
12.6673059098906   3.01081
12.6685963137409   3.07613
12.669886980522   2.82028
12.6711795942511   2.71486
12.6724707874779   2.86545
12.6737630213953   2.77573
12.6750555188824   3.50205
12.6763475021837   3.52233
12.6776405268931   2.841
12.6789338154141   3.45273
12.6802273678274   2.64239
12.6815204057429   3.13404
12.6828146157959   3.23892
12.6841089602384   2.91537
12.6854027899489   3.04033
12.6866984418511   3.08842
12.6879927999174   3.19744
12.6892874221239   3.0965
12.6905838677193   3.20389
12.6918790187672   3.90387
12.6931753440841   4.43549
12.6944718042264   5.11501
12.6957677490114   5.73884
12.6970647388028   6.37983
12.6983619936203   7.14247
12.699659513545   7.56092
12.7009565177993   7.76335
12.7022545680228   7.90261
12.7035530137937   8.20448
12.7048506832667   8.389
12.7061504413751   8.7237
12.7074487718607   8.97427
12.7087473677035   9.14765
12.710047792939   8.90358
12.7113341451686   7.93594
12.7126470950796   6.48549
12.7139475361021   4.73651
12.7152348082952   3.42043
12.7165349960436   2.46378
12.7178370155904   1.88862
12.7191377355944   1.81397
12.7204395049448   2.14947
12.7217415407877   2.89559
12.7230431902239   3.95266
12.7243457591634   5.48586
12.725648594841   7.3034
12.7269516973384   8.90432
12.7282542825188   10.2229
12.7295579187414   11.8105
12.73086182203   13.315
12.7321652077656   15.037
12.7334704301333   16.9479
12.7347744809267   19.1078
12.7360786679825   21.269
12.7373846928819   23.7462
12.7386894146511   26.3386
12.739995189406   28.3029
12.7413012318841   29.0377
12.7426067561794   28.0923
12.7439133341903   25.7073
12.7452201801716   22.1336
12.7465274252845   18.0273
12.7478340208474   14.0934
12.7491416711004   11.3718
12.7504495896539   9.08948
12.7517569894725   7.29469
12.7530662319924   5.68401
12.7543741685018   4.80723
12.7556823733189   3.90417
12.7569925533487   3.5182
12.7583012953794   3.19737
12.7596110940533   3.63419
12.7609211616893   3.35459
12.7622307099586   3.19495
12.763541315605   2.9834
12.764852190462   2.91801
12.7661633346125   2.1698
12.76747409059   1.93613
12.7687857734414   2.01952
12.7700977258354   2.35253
12.7714091583091   2.31895
12.7727224395833   1.81348
12.7740344112331   1.78707
12.7753466524333   1.72992
12.7766607436573   1.76746
12.7779735245324   2.24623
12.7792874974809   2.07098
12.7806016089113   1.83761
12.7819151997878   2.20502
12.7832298517219   2.64488
12.7845447741142   2.63129
12.7858599670484   2.23003
12.7871746391115   1.99303
12.7884903732168   2.5084
12.7898065100848   2.20689
12.791121861903   2.6025
12.7924393326459   2.58593
12.7937553581383   2.66262
12.7950716544314   2.4875
12.7963898068837   2.63309
12.7977066453556   3.11899
12.7990245478431   3.57478
12.8003427217926   4.01297
12.8016603739974   3.52076
12.8029792232016   4.16545
12.8042982119045   4.9179
12.8056174724051   5.34314
12.8069362108429   5.63623
12.8082560150274   6.25496
12.8095760912618   6.93092
12.8108956451946   7.70235
12.8122170602168   8.50162
12.813537290803   9.41813
12.8148576610148   10.5535
12.8161798935515   11.7372
12.8175008084612   12.6687
12.8188227911013   13.782
12.8201450464652   14.7535
12.82146677889   16.0245
12.8227895797904   17.5228
12.824112786347   19.2584
12.8254361333133   20.9556
12.8267589570213   22.261
12.8280828501999   25.7861
12.8294070166936   29.8753
12.8307306596897   31.785
12.8320561699653   33.7413
12.833380359686   36.1495
12.8347048227314   36.7646
12.8360312872241   36.2348
12.8373562975297   35.0728
12.8386823792997   32.8139
12.840008735063   30.4239
12.8413345666892   28.3585
12.8426614705289   27.1804
12.8439886486166   26.3189
12.8453161010375   25.0654
12.8466430290012   22.5384
12.8479711633517   18.8984
12.8492994391448   14.7601
12.8506271902405   10.4936
12.8519560153006   7.62221
12.8532851152047   6.25257
12.854613690171   5.9347
12.8559433398534   6.08368
12.8572732646356   6.35152
12.858603597997   6.67912
12.8599332727336   6.98994
12.8612640231897   7.10213
12.8625950490875   7.04867
12.863925549486   6.87224
12.8652579275497   6.5156
12.8665889789275   6.11807
12.8679203057573   5.68809
12.8692535115042   5.11019
12.8705855234693   4.76091
12.8719184795502   4.3759
12.8732517117577   4.24982
12.8745844178235   4.01002
12.8759182023755   4.02563
12.8772522633118   4.20749
12.8785866007181   4.62851
12.8799204116609   4.74319
12.8812554359631   5.23156
12.8825906031567   5.73654
12.8839252436454   7.29997
12.8852617680721   7.5354
12.8865969621139   8.15824
12.8879324328949   8.33399
12.8892697888721   7.78143
12.8906058137229   7.17683
12.8919430541768   6.72835
12.8932804379894   6.00451
12.895955233192   4.77434
12.8972934496078   4.44736
12.8986319437866   4.47382
12.8999699102933   4.07882
12.9013089600901   4.78426
12.9026482879093   4.9204
12.9053279123267   4.41632
12.9066672684028   4.51036
12.908006902513   4.21393
12.9133714498106   2.40735
12.9147124760617   2.44524
12.9160547229871   2.16181
12.9173971143288   2.68112
12.9187397847342   2.76097
12.9200819262554   3.28766
12.9214251548816   3.33317
12.9227686628328   2.86895
12.9241116416568   3.05758
12.9268001894447   3.64419
12.930834097382   3.56201
12.932179562741   4.0291
12.9335253081231   4.73642
12.9348705237295   5.4142
12.9375634150583   6.77895
12.9389104163036   7.38234
12.9402567524115   7.81828
12.9416041794592   8.23238
12.9429518871426   9.23369
12.9442990644823   10.5251
12.9456481447672   12.0743
12.9469958834787   13.9173
12.9483439028388   16.1189
12.9496939617119   18.398
12.9510425429985   20.3742
12.9523922172784   22.0829
12.9537421728964   23.0996
12.9550915975202   23.0846
12.9564421159089   22.8648
12.9577929158995   21.9015
12.9591439975803   21.313
12.9604945479414   22.3731
12.9618461930972   24.5979
12.9631982557805   28.5324
12.9645496513551   32.3356
12.9672549158598   37.4932
12.9686071574134   37.8644
12.9699613095953   36.5723
12.9713141156894   33.8785
12.9726680186425   30.588
12.9740223400562   26.5281
12.9753759934827   21.8793
12.9767307445436   16.9916
12.9780857785315   12.039
12.979441095535   7.7953
12.9807958799956   5.38537
12.9821517631261   4.42049
12.9835079295383   3.91688
12.984863699189   3.67477
12.9862212486179   3.60583
12.9875774489369   3.39774
12.9889339325518   3.31433
12.9902923332331   3.41214
12.9916493840475   3.17882
12.9930075356067   3.02517
12.9943659711588   2.77069
12.9957238732687   3.05463
12.9970830131857   2.73737
12.9984289426399   2.91846
12.9998018733815   2.96977
13.0011609118844   2.66299
13.0025076860988   3.15645
13.003881478638   3.18998
13.0052281343138   3.21578
13.0065891265599   3.01464
13.0079636452263   3.28116
13.0093111465605   3.1689
13.0106729935569   3.70318
13.0120351257063   3.77001
13.0133967233488   3.83802
13.014760245822   3.81774
13.016122550557   3.88149
13.0174848670957   3.89184
13.0188493831859   3.76329
13.0202124073835   3.9053
13.0215765377979   3.75326
13.0229409540828   3.94805
13.0243048352039   3.75332
13.0256698233271   3.74835
13.0270352345019   3.70804
13.028400795024   3.75784
13.0297658200534   3.69352
13.0311319531334   3.73144
13.0324983727136   3.42202
13.0338642565543   3.52705
13.0352320717353   3.60411
13.0365985286822   3.63442
13.0379652721449   3.51675
13.0393340854238   3.51864
13.0407014025626   3.44357
13.0420698298535   3.26843
13.0434377208281   3.32503
13.044806722481   3.40911
13.046176011537   3.47749
13.0475447640295   3.29436
13.0489154522204   3.78599
13.0502847796257   3.93537
13.0516543944502   4.19741
13.0530260837415   4.81607
13.0543962740511   5.26756
13.0557675771476   5.76087
13.0571391683723   6.30778
13.0585102223732   6.65824
13.0598823899533   7.53576
13.061254845934   8.51262
13.0626275904064   9.51432
13.063999935014   10.7336
13.0653732565978   12.2976
13.0667468669463   14.1126
13.0681199394923   16.4703
13.0694949543015   19.0834
13.0708686044845   22.5325
13.072242543449   26.8526
13.0736184259933   30.713
13.074993081063   34.2395
13.0763687149971   36.5442
13.0777446384254   36.7478
13.0791200233891   35.5132
13.0804965259059   33.7396
13.0818733181913   32.1584
13.0832504003366   31.3165
13.0846269436858   29.7834
13.0860046056513   27.2869
13.0873826959345   24.0961
13.0887601090188   20.8769
13.0901394709642   19.1508
13.091517464427   16.5861
13.092895748042   13.6422
13.0942759818416   10.2311
13.0956548463854   7.15072
13.0970348316768   5.08907
13.0984151078372   4.23386
13.0997949827332   3.94962
13.1011758407617   3.76016
13.1025569899351   3.81367
13.1039384303456   3.61312
13.1053193307142   3.39518
13.1067013537   3.09423
13.1080836681993   3.13501
13.1094654424071   3.12055
13.1108493107863   3.12319
13.1122316681607   3.13669
13.1136143170667   2.64441
13.1149989227956   2.85539
13.1163821553928   2.70501
13.1177665127496   2.88679
13.1191511623588   3.01883
13.1205352710103   2.98486
13.1219206441393   3.00932
13.1233061709148   2.57724
13.1246919903132   3.12819
13.1260772684203   3.2899
13.1274636731664   3.46474
13.1288503708136   3.54095
13.1302365269192   3.62222
13.1316246451826   3.793
13.133011387202   3.68772
13.1343984221411   3.58084
13.135787559782   4.05187
13.1371751812216   3.75057
13.1385639314541   3.6726
13.1399529753312   3.58447
13.1413414769986   3.48299
13.1427311082679   3.68771
13.1441210334614   3.70382
13.1455113920854   3.66063
13.146900929339   3.94491
13.1482918761599   3.99466
13.1496829778357   3.94666
13.1510735367161   3.92909
13.1524660644535   3.85062
13.1538572120417   3.92946
13.1552486539467   3.87086
13.1566422057018   3.65533
13.1580340972263   3.75061
13.1594274009558   3.41973
13.1608208600523   3.45642
13.1622137756832   3.48878
13.163607824975   3.54743
13.1650021695939   3.62948
13.1663968096338   3.89351
13.1677909058725   4.03898
13.1691861368582   4.2981
13.1705818034919   4.52509
13.1719767861569   5.03747
13.1733737444123   5.63121
13.1747693185969   6.08993
13.1761651885042   6.66992
13.1775630353528   7.45231
13.1789594973442   8.22768
13.1803570962594   9.00212
13.1817551318133   9.99667
13.1831524824887   11.2307
13.1845509709058   12.7097
13.1859497560618   14.3831
13.1873488380512   16.6066
13.1887473749788   19.0104
13.1901470507398   22.0071
13.1915470236177   25.0495
13.1929464511813   27.7695
13.1943480015538   30.2983
13.1957480234964   31.6569
13.1971483425768   31.4299
13.198550645373   30.234
13.1999515593708   28.7676
13.2013536143904   27.0137
13.2027559672848   25.1066
13.2045106989399   17.1587
13.2052130879831   16.1906
13.2059145668746   16.3139
13.2066171052819   14.8313
13.2073205628045   13.7959
13.2080231100762   12.6485
13.2087258728513   11.1151
13.2094278657821   9.66985
13.2101306372685   8.13477
13.2108344691512   7.31835
13.2115375311355   6.5164
13.2122405271237   5.44356
13.2129428936949   5.18388
13.2136461801179   5.03471
13.2143502457975   4.67449
13.215053682051   5.02246
13.2157571932001   4.63193
13.216459792803   4.08979
13.2171634536743   4.58115
13.2178680351892   5.1116
13.2185717050587   4.82689
13.2192755908357   4.73755
13.219978705598   4.50947
13.2206826002198   4.60453
13.2213875569925   4.5601
13.2220917426963   4.9207
13.2227958623584   4.35349
13.2234993516572   5.09915
13.224203762338   5.3717
13.2249089535812   4.56772
13.2256135144519   4.69675
13.226318150398   4.41993
13.2270218734002   5.21948
13.2277266594278   3.80076
13.228432367631   4.30197
13.2291373039836   4.53968
13.229842174264   4.23266
13.2305464135491   4.61323
13.2312515752384   4.33707
13.2319575183625   4.31404
13.2326628304821   4.42275
13.2333673701005   3.79149
13.2340726912348   4.31899
13.2347782288714   4.18036
13.2354846897074   4.59191
13.2361902365665   4.34034
13.2368951518606   3.93207
13.2376009904805   3.68807
13.2383067629919   3.6719
13.2390136005883   4.04863
13.2397196651589   4.15438
13.2404248150107   4.27315
13.2411310301195   4.09019
13.2418373205681   3.83162
13.2425443937626   3.71559
13.2432508350028   3.60823
13.2439565025653   3.88416
13.2446629529552   3.62693
13.2453696202542   3.50227
13.2460772122911   4.03226
13.2467838889481   3.49873
13.247489933089   3.92039
13.2481969020946   4.29372
13.2489038049461   3.90265
13.2496117746488   3.64618
13.2503189701481   3.78591
13.2510252495238   3.65002
13.2517325959231   3.78478
13.2524400178434   3.76176
13.2531483655295   4.08062
13.2538557968984   4.0549
13.2545625951159   4.03072
13.2552701774754   3.61848
13.2559779771522   4.07646
13.2566867031092   4.15258
13.2573946540763   4.1885
13.2581016879813   3.82017
13.2588097900902   3.55218
13.2595179678412   3.9331
13.2602269305307   4.51423
13.260934408446   4.567
13.2616428131809   4.58508
13.262351151704   4.68758
13.2630597078171   4.76392
13.2637691912409   4.70223
13.2644769052522   5.02891
13.2651856885311   4.89226
13.2658945475613   4.68725
13.2666033403616   4.88171
13.2673132029667   4.66115
13.2680214372574   4.62839
13.2687304573601   4.94077
13.2694396952986   5.18235
13.2701490090612   4.97048
13.2708591090824   4.90081
13.2715677220081   4.64548
13.2722772633011   4.61849
13.272986738337   4.94733
13.2736964313726   5.28044
13.2744070532679   5.18777
13.275115902972   5.39171
13.2758258237205   5.29428
13.2765358204027   5.1896
13.2772457508096   5.72141
13.2779567527993   5.88626
13.2786661239219   5.90268
13.2793762821787   5.90464
13.2800866586819   5.89394
13.2807971111919   6.31953
13.2815084935962   6.51689
13.2822181019534   7.1559
13.2829287825419   7.46619
13.2836395391861   7.85864
13.2843502295247   8.26862
13.2850619926339   8.6892
13.2857719807668   9.39043
13.2864830417253   10.1272
13.2871941788004   10.663
13.2879052495549   11.4814
13.2886165388849   12.3136
13.2893279043684   13.0767
13.2900393460175   14.1918
13.2907507213337   15.3486
13.2914623153355   16.4194
13.2921739855397   17.1448
13.2928855894019   17.5506
13.2935974120322   17.4669
13.2943093109015   16.6862
13.2950211434199   15.4306
13.2957331947888   13.9682
13.2964453224335   12.2682
13.2971573837183   11.6629
13.2978696639361   11.9247
13.2985820204666   12.3864
13.299294310628   12.0134
13.3000068198051   11.8255
13.3007194053317   11.1823
13.3014319244801   10.4167
13.302144662727   9.66063
13.3028574773601   8.65247
13.3035702256059   8.22481
13.304283193033   8.0958
13.3049962368831   8.1788
13.3056953596801   8.08027
13.3064224110547   8.02879
13.3071356842325   8.06358
13.3078488910048   8.09218
13.308562317124   8.43787
13.3092618147467   8.81033
13.3099745348305   9.04837
13.3107029115729   9.32662
13.3114166437379   9.39761
13.3121304524489   9.82723
13.3128303252139   10.2851
13.3135432845517   11.2495
13.3142573213642   12.2062
13.3149721499247   13.7058
13.3157003585337   15.0524
13.3164006067279   16.3401
13.317113948535   17.9663
13.3178283684154   19.4421
13.3185437235966   21.0779
13.319258296895   21.9634
13.3199719449084   21.7947
13.3206866714745   20.4001
13.3214014747466   17.7963
13.3221170706578   14.327
13.322832027456   10.8603
13.3235460584932   7.99472
13.3242611686824   6.17938
13.3249763556395   5.2485
13.3256924789428   4.55761
13.3264076762886   4.14317
13.3271222339498   3.80853
13.3278377280866   4.096
13.3285531557305   4.11434
13.3292696635512   4.27071
13.3299853882912   4.24181
13.330700186317   3.95704
13.3314160646952   4.19499
13.332132019965   4.1471
13.3328487692134   3.89057
13.3335648783806   4.15498
13.3342802038022   4.39207
13.3349963232857   4.31057
13.3357126631686   4.79457
13.3364299409691   4.75429
13.3371462913814   4.49561
13.3378620011396   4.72137
13.3385786489453   4.48666
13.3392952302129   4.6018
13.3400128934613   4.67924
13.3407297724281   4.64013
13.3414457232483   4.9525
13.3421627562252   4.71215
13.3428798662799   4.37128
13.3435979153022   4.55169
13.3443150359804   4.48089
13.3450315153572   4.44358
13.3457487901389   4.32807
13.3464662857376   4.25048
13.3471847208295   3.95212
13.3479013646654   4.81995
13.3486190917428   4.68356
13.34933689601   4.55304
13.3500547774792   3.97783
13.3507734551669   3.84825
13.3514906282575   4.05751
13.3522087413922   3.72204
13.3529267879317   3.48415
13.3536450555674   3.97597
13.3543642637487   4.44693
13.355081678788   4.15493
13.3558001782762   4.04287
13.3565187550786   4.17668
13.3572372652677   4.26169
13.3579568604541   4.11482
13.3586748055254   4.08716
13.3593935477077   3.90604
13.3601125112378   3.84265
13.3608315521571   3.72468
13.3615513906434   3.67669
13.3622697221647   4.027
13.3629889953111   3.86048
13.3637082018171   3.96154
13.3644276298389   4.29275
13.3651479999885   3.96643
13.3658665741614   3.79057
13.3665862345978   3.83623
13.367305972536   3.86084
13.3680256438157   4.34005
13.3687464019087   3.35571
13.3694655072824   3.93576
13.370185411118   4.33794
13.3709055367217   3.93388
13.3716257399023   4.13975
13.3723468862677   4.25121
13.373066234763   4.3979
13.373786670734   4.57134
13.3745070400195   4.14676
13.3752276312417   4.14293
13.375948300116   4.28127
13.376669046655   4.8122
13.3773897264965   4.90475
13.3781106283871   4.78128
13.37883160798   4.83563
13.3795525208664   5.35292
13.3802736558863   5.41911
13.3809948686462   5.81426
13.3817160146906   5.3916
13.3824373829528   6.25992
13.3831588289928   6.12914
13.3838802083084   6.56528
13.3846018099261   6.83819
13.3853234893594   7.09977
13.3860451020593   7.35877
13.3867669371459   7.77407
13.3874888500857   8.14976
13.3882106962832   8.28001
13.3889327649519   8.44125
13.3896549115117   8.98252
13.39037699132   9.57344
13.3910992936843   9.84021
13.3918216739775   10.2928
13.3925439875102   10.7949
13.3932665236834   11.0841
13.3939891378234   11.1657
13.394711685194   11.6994
13.3954344552898   12.018
13.3961573033902   12.3386
13.3968800847122   12.6219
13.3976030888442   13.3104
13.3983261710187   13.575
13.3990491864057   14.0643
13.3997724246875   14.4209
13.4004957410498   14.9806
13.4012191355051   15.3425
13.401942463161   15.9008
13.4026660138249   16.8931
13.4033896426197   17.7456
13.4041123348934   18.4893
13.4048369896854   19.1478
13.4055608529337   19.6133
13.4062846493645   19.7761
13.4070086689732   19.5338
13.4077317515759   18.966
13.408456797778   17.9617
13.40918105203   16.8596
13.409905384527   16.153
13.4106296501887   15.9292
13.4113532685455   16.3607
13.4120787064906   16.5327
13.4128032069388   16.4429
13.4135279308199   15.775
13.4142527330221   14.6689
13.4149765972478   13.3175
13.4157024272379   11.6247
13.416427464464   10.283
13.4171524348279   9.51052
13.417877628795   8.94079
13.4186020295654   8.73992
13.4193281066525   8.54396
13.4200535358342   8.59301
13.4207790434513   8.61341
13.4215044841881   8.78161
13.4222292766334   8.89268
13.4229558916831   9.30324
13.4236817131538   9.3808
13.4244074677322   9.42327
13.4251334461982   9.56333
13.4258584852291   9.73951
13.4265854932783   9.70272
13.4273117073407   9.96035
13.4280378544958   9.92364
13.4287642256809   9.81477
13.4294898024453   9.85821
13.4302172038288   9.43245
13.4309436652842   9.04957
13.4316703508834   8.91591
13.4323971151221   8.85695
13.4331229389511   7.89421
13.4338507339725   7.41014
13.4345777341901   7.29269
13.4353046674706   7.09692
13.4360309512065   6.79326
13.4367580417644   6.27801
13.4374862307432   6.44679
13.4382136245093   5.78047
13.4389410970298   5.83532
13.4396676282625   6.03519
13.4403952582197   5.13331
13.4411238414917   5.83568
13.4418514833723   6.01548
13.442579349825   5.78183
13.4433064203025   5.51647
13.4440342985186   5.56115
13.4447632763884   5.73238
13.4454914582267   5.43489
13.4462195730831   5.26504
13.446947037403   4.96611
13.4476754558163   4.8936
13.4484048286203   4.70038
13.4491332590554   4.36511
13.4498619143487   4.22033
13.4505896268878   4.44931
13.4513184400019   4.48379
13.4520482080453   4.74658
13.4527771792372   4.20677
13.4535060834173   4.63468
13.4542343363984   4.07709
13.4549633984961   4.26198
13.4556935621002   3.84265
13.4564229284423   4.47631
13.4571523738594   3.82727
13.4578808755427   4.06872
13.4586104790373   3.8515
13.4593410385398   4.19661
13.4600706542044   4.45349
13.4608004951575   3.72282
13.4615293918864   3.62473
13.4622593910456   3.85795
13.4629903467526   4.08176
13.4637205043756   3.59995
13.464449717382   4.36091
13.4651800333141   4.2426
13.4659104284757   3.63348
13.4666416344178   4.05265
13.4673721881562   3.33314
13.4681019431265   3.84818
13.4688325089636   3.26134
13.4695633004339   3.77457
13.4702950495334   3.38954
13.4710258533227   3.95789
13.4717560043188   3.8134
13.4724871130781   3.85467
13.4732181547452   3.80696
13.4739503010174   3.93611
13.4746816479704   3.27313
13.4754120488325   3.813
13.4761435544816   3.71151
13.4768751395538   3.88048
13.4776076833381   3.28235
13.4783392808289   3.58601
13.4790702248605   3.19751
13.4798019811448   3.66685
13.4805339634948   3.57991
13.4812669050992   3.86197
13.4819988999177   3.76243
13.4827302409437   3.76046
13.4834625413585   3.42199
13.4841947746366   3.63411
13.4849281143852   4.03385
13.4856606535763   3.91324
13.4863923919362   3.80229
13.4871249434746   3.79931
13.4878577213675   3.83283
13.4885914596007   4.02926
13.4893242500623   4.3824
13.4900563860639   4.41072
13.4907893357076   4.49616
13.4915225118505   4.85553
13.4922566488772   5.17008
13.4929891032352   5.17723
13.4937223716064   5.51171
13.4944558665927   5.38467
13.4951894413262   5.72163
13.4959238305432   6.16984
13.4966566831268   6.48743
13.4973904971644   7.17476
13.4981242440089   7.30473
13.4988582176422   7.83609
13.4995931532481   7.91433
13.5003262573577   8.09682
13.5010604704904   8.25594
13.5017947634875   8.62549
13.5025289892737   9.31292
13.5032643246498   9.71974
13.5039979746756   10.4282
13.5047324401085   10.8916
13.5054671325915   11.3455
13.5062019050172   11.9032
13.506937640506   12.3951
13.5076715425484   12.979
13.5084065548646   13.4396
13.509141499943   14.4206
13.509876672246   15.203
13.5106128081579   16.0423
13.5113471096475   16.7255
13.5120825220367   17.1864
13.5128180144862   17.2209
13.5135534396802   16.9158
13.5142899763423   16.3988
13.515024824966   16.0418
13.5157606377711   15.7546
13.516496383309   15.5444
13.5172323563624   15.4386
13.5179692941181   15.0986
13.5187043954968   14.5954
13.5194406090289   13.6925
13.5201769027521   12.7563
13.5209131291902   11.7864
13.5216495833189   10.6809
13.522386117678   9.82602
13.5231225847431   9.00614
13.5238592795862   8.39962
13.5245960546992   7.67896
13.5253327625092   6.74382
13.5260696981849   6.02565
13.5268067141697   5.56897
13.5275436628428   5.10846
13.5282808394692   5.0875
13.5290180964441   5.11744
13.5297552860983   4.48119
13.5304927037935   4.49362
13.5312302018767   4.32495
13.5319676326303   4.24168
13.5327052915126   3.88511
13.5334430308223   4.00184
13.5341807027937   4.66951
13.5349186029815   4.08276
13.5356565836361   4.15917
13.5363944969435   4.24684
13.5371326385552   4.30087
13.5378708606732   4.5022
13.5386091633107   4.08182
13.5393473985892   4.08844
13.5400858622891   4.55683
13.540824258624   4.53561
13.5415628834391   4.81575
13.5423015888395   4.92705
13.5430402268661   4.63016
13.5437790934608   4.65464
13.5445180406804   4.70899
13.5452570685382   4.57052
13.5459960290104   4.82256
13.546735218168   4.74399
13.5474744880034   5.69523
13.5482136904442   5.71966
13.5489531216586   5.66774
13.5496926335904   6.08059
13.550431189315   6.20432
13.551171751509   6.20547
13.5519115056562   6.37511
13.5526511923911   6.27251
13.5533911080759   5.9642
13.5541302152683   5.87604
13.554871033618   5.49843
13.5556111917166   5.65433
13.5563514306517   4.94545
13.5570916021568   5.01709
13.5578311130134   4.50505
13.5585724842961   4.20226
13.559312898365   4.06222
13.5600535416487   4.40389
13.5607942658484   4.33747
13.5615340323394   4.6015
13.5622758086556   4.63651
13.5630167756665   4.66389
13.5637576752209   4.58719
13.5644988041669   4.79152
13.565239123361   4.78129
13.5659811565848   5.01162
13.5667225285411   5.10713
13.5674639815328   5.01802
13.5682055155732   5.05041
13.5689460909021   5.09855
13.569688678298   4.5806
13.570430455548   4.47613
13.5711721653121   4.53696
13.5719141047629   3.95271
13.5726552336205   4.103
13.5733980784268   3.5931
13.5741402612867   3.89108
13.574882525315   3.71379
13.5756247218397   3.95084
13.5763662560191   3.71513
13.5771096558257   3.6442
13.5778520959104   4.12754
13.578594765948   3.82015
13.579336624634   4.0546
13.580079308301   3.95325
13.5808231148049   3.94822
13.5815661098995   3.92043
13.5823090374641   3.8971
13.5830513020709   3.84876
13.5837945409967   4.01399
13.5845386056673   3.91976
13.5852820073713   4.02109
13.5860254904437   3.5875
13.5867680123913   3.52171
13.5875116581265   4.35112
13.5882562790431   3.637
13.5889999387281   3.95626
13.5897438288106   4.11127
13.5904869062753   4.19464
13.5912308101431   4.14029
13.5919758387595   4.22525
13.5927200547005   3.97842
13.5934643521436   4.10839
13.5942076874536   4.41828
13.5949521478269   4.08463
13.5956974353691   4.52992
13.5964420589221   4.48205
13.5971867640442   4.68162
13.5979305065285   4.68629
13.5986753747147   4.5594
13.5994212197524   4.94169
13.6001662512688   4.60084
13.6009112151816   4.70168
13.6016555144309   5.26396
13.6024007907816   5.32788
13.6031468952526   5.92603
13.6038923350513   6.24059
13.6046378565533   6.43156
13.6053824144069   6.46372
13.6061280992413   6.35276
13.6068747620429   6.39315
13.6076204610891   6.41501
13.6083654948561   6.92769
13.6091115067291   7.56034
13.6098574509632   8.16317
13.6106045231431   8.65189
13.6113507805304   9.12303
13.6120960733584   9.45951
13.61284249432   9.89493
13.6135889971462   10.3711
13.6143363295229   11.0975
13.6150829962009   11.5124
13.6158288473802   11.6547
13.6165755281996   11.7575
13.6173224405184   11.8267
13.6180703324818   11.8819
13.6188172591706   11.8269
13.6195635195523   11.8104
13.6203107597177   11.6322
13.6210434130437   11.4055
13.6218062345533   11.2196
13.6225537208397   11.134
13.6233002410457   11.074
13.6240478913105   11.2
13.6247809467524   11.3394
13.6255287595535   11.5255
13.6262920835471   11.9819
13.6270391633611   12.3224
13.6277870742494   12.6519
13.6285205321383   12.7857
13.6292687555105   12.9679
13.630017061044   13.1437
13.6307799886426   13.3148
13.6315284601363   13.2347
13.6322623208198   13.158
13.6330109551177   12.8424
13.6337595216832   12.4169
13.6345083204364   12.1207
13.63527175092   11.6908
13.6360060147138   11.2012
13.6367550602597   10.6803
13.6375041881023   9.92723
13.638253248195   9.32939
13.6390025406555   8.54578
13.6397519154536   7.89255
13.6405012224929   7.56944
13.6412498612324   7.22482
13.6420003838659   6.89481
13.642749937974   6.44975
13.6434997246303   6.57158
13.6442495937056   6.02933
13.6449984937518   5.86824
13.6457494289423   5.83331
13.6464995453397   6.23054
13.6472495939521   5.5425
13.6479998752933   5.23514
13.6487493373866   4.98619
13.6495005351832   5.00756
13.6502510640505   4.67427
13.6510016754592   4.83209
13.6517522190654   5.29272
13.6525020933368   5.2354
13.6532538546794   4.60717
13.6540047963734   4.48963
13.6547556702532   4.46248
13.6555067771634   4.66324
13.6562569135127   4.40322
13.6570090884344   4.58669
13.6577604432793   4.67398
13.6585117302955   4.52996
13.6592632504929   4.33482
13.6600139501578   4.43386
13.6607663884603   4.36336
13.6615181567971   4.35395
13.66227000788   4.47955
13.6630219417225   4.51552
13.663772903981   4.22621
13.6645259071019   4.21855
13.6652780892888   4.3878
13.6660302036177   4.57502
13.6667825514302   4.13832
13.6675339271467   4.63975
13.668287344872   4.50338
13.669039941234   4.31024
13.6697926204787   4.18788
13.6705443272174   4.44849
13.6712971721524   4.4498
13.6720510048412   4.38985
13.6728038649156   4.28326
13.6735569587462   4.36544
13.6743092304127   4.1419
13.6750623392156   4.35552
13.6758165871943   4.64665
13.6765700129502   4.59211
13.6773233708046   4.10673
13.6780760569694   3.987
13.6788297317094   4.19791
13.6795842443665   4.24111
13.6803380853253   4.1094
13.6810920093725   4.34902
13.6818449593738   4.61199
13.6825990495226   4.01743
13.6833541291277   3.95082
13.6841082345782   4.6337
13.6848625742404   4.39547
13.6856160904469   3.98543
13.6863704452435   4.42978
13.6871259411694   3.63816
13.6878806135809   4.01377
13.6886352180473   4.36117
13.6893891497813   4.03919
13.6901440717952   4.37749
13.690899984403   4.68771
13.6916549218274   4.59546
13.6924100937677   4.45784
13.6931642901186   4.2497
13.693919628573   4.42736
13.6946759581907   4.3331
13.6954314634314   4.39409
13.6961869006978   4.44289
13.6969416645353   4.59619
13.6976974197916   5.09689
13.6984540153932   4.81134
13.6992099375571   5.29999
13.6999650346251   5.26719
13.7007209721299   5.52011
13.7014771445165   5.45191
13.7022343092068   5.32635
13.7029904971676   5.5498
13.7037460110717   5.49966
13.7045025174212   6.07866
13.7052589557617   6.4819
13.7060165384987   6.53713
13.7067732955619   7.20017
13.7075290750752   7.20313
13.7082859991771   7.13657
13.7090430068777   6.75182
13.7098010080244   6.81583
13.7105580314087   6.80017
13.7113143800377   6.64076
13.7120715705656   6.68557
13.7128289964339   6.54895
13.7135874163203   6.69365
13.7143448579273   6.51873
13.7151016244292   6.51464
13.7158593850913   6.80765
13.7166170777009   7.23566
13.7173759166741   7.5636
13.7181339286737   7.40471
13.7188911134117   7.34195
13.7196491410256   7.13059
13.7204074042863   6.94761
13.7211666627105   6.65977
13.7219249418199   6.89283
13.7226825451241   6.7656
13.7234409917932   6.95087
13.7241996742626   7.10801
13.7249593524688   7.19783
13.7257182028334   7.28018
13.7264760730596   7.2703
13.7272350911564   7.09772
13.727994193199   6.55087
13.7287541394939   6.44081
13.7295124971023   5.65225
13.7302718510492   5.50867
13.7310311368888   5.34
13.731790658836   5.33294
13.7325511776683   5.26007
13.7333098026732   5.51525
13.7340695767338   5.62531
13.7348294348656   5.67377
13.7355892248728   5.76073
13.736350164533   5.50736
13.7371093615848   5.40433
13.7378694038641   5.6096
13.7386296825281   5.53404
13.7393900453471   5.55017
13.7401514062016   5.87002
13.7409108711784   6.1327
13.7416714865297   6.42683
13.7424320337302   6.54815
13.7431928175005   6.68328
13.7439545998821   6.92866
13.7447144853597   6.93789
13.7454755218719   6.96614
13.7462366426651   7.05301
13.7469976952903   7.42365
13.7477598995492   7.74566
13.7485203583735   8.24476
13.7492818164135   8.59531
13.7500432062741   8.77387
13.7508048330131   8.63401
13.7515674595168   9.04679
13.7523281870611   9.08464
13.7530900669623   9.30281
13.7538520312846   9.4811
13.7546139274101   9.59058
13.7553769764926   9.7786
13.7561382782526   9.90399
13.7569004276999   10.152
13.7576628143043   10.6043
13.758425285414   10.568
13.7591876883096   10.64
13.7599503284551   10.7782
13.760713053148   10.8286
13.7614757096183   10.7451
13.7622386034315   10.757
13.7630015818343   10.5126
13.7637644920058   10.4688
13.7645276396131   10.3781
13.7652908718524   10.3622
13.7660540358517   10.1221
13.7668174373799   10.1031
13.7675809235823   9.79509
13.7683443415361   9.36546
13.769107997112   8.89882
13.7698717374043   8.22834
13.7706354094394   8.04353
13.7713993191898   7.21628
13.7721633136989   6.76348
13.7729273929808   6.302
13.773691403994   6.03777
13.7744556528468   6.11818
13.7752199865147   6.15303
13.7759842519054   5.6732
13.7767487552289   5.38667
13.7775131902695   5.31551
13.7782778633051   5.29384
13.7790426212266   5.14569
13.7798074640479   5.36119
13.7805722385747   5.03035
13.7813372512213   4.87775
13.7821023488101   4.89517
13.7828673780958   4.99421
13.7836326455947   4.91332
13.7843979980784   4.76988
13.7851632822503   4.96096
13.7859288047289   5.0572
13.7866944122348   5.09507
13.7874599514204   4.60578
13.7882257290062   5.049
13.7889905178913   5.22047
13.7897573859884   5.07623
13.790523418809   4.98949
13.7912895367418   4.9805
13.7920555863371   4.59573
13.792820953634   5.05213
13.7935882478578   4.95547
13.7943545528495   4.64229
13.7951210965225   4.64319
13.7958877253929   4.93289
13.7966533645108   4.85565
13.7974210851995   4.62186
13.7981879697305   4.64703
13.7989547858981   4.82249
13.7997218409347   4.91632
13.8004880593439   4.6016
13.8012560532015   5.03519
13.8020233641119   4.617
13.8027907603476   4.85901
13.803558241923   4.66159
13.8043247326922   5.21597
13.8050933073952   5.39039
13.8058610450577   4.92456
13.8066287143284   5.16029
13.8073966227813   5.19944
13.8081635399006   4.90741
13.8089325421367   5.25511
13.8097007068904   4.90251
13.810468957112   5.7533
13.8112371389246   5.49103
13.8120046366581   5.64043
13.8127740668012   5.8177
13.8135425050773   6.03769
13.8143111828179   6.1782
13.815079946112   6.24456
13.8158477170166   6.40993
13.8166175754068   6.2468
13.81738659543   6.22381
13.8181555470184   5.6496
13.81892473826   5.55134
13.8196930906629   5.61766
13.8204632235783   5.4856
13.8212326717633   5.28867
13.8220022056305   5.34677
13.8227707461562   5.34646
13.8235404513104   5.35064
13.8243111672854   5.313
13.8250808898073   4.95345
13.8258508522656   5.09221
13.8266199750871   4.94849
13.8273899547414   5.24609
13.8281611000376   4.84713
13.828931405637   4.64373
13.8297017970618   4.67262
13.8304711940858   4.96486
13.831241757084   4.78305
13.832013177723   4.5805
13.8327839125585   4.47803
13.8335547332911   4.29682
13.8343245590927   4.07812
13.8350955515422   3.91945
13.835867556575   3.83871
13.8366387210226   3.66898
13.8374098169643   4.08475
13.8381802263942   4.34388
13.8389516486713   4.35105
13.8397239295937   3.94118
13.8404955239956   4.11692
13.8412672044384   4.13464
13.8420378888884   4.23811
13.8428097413355   4.27798
13.8435826075434   4.29347
13.8443544776464   4.17593
13.8451265884752   4.3597
13.8458978574441   4.37943
13.8466699857565   4.35615
13.8474432830838   4.25507
13.8482157384909   5.11283
13.8489881253494   4.80066
13.8497598246187   4.80696
13.8505325385032   5.05141
13.8513061125425   5.41182
13.8520789989842   5.63917
13.8528510427635   6.06317
13.853623946793   6.30063
13.8543970919283   6.21188
13.8551712525945   6.39555
13.8559444155598   6.82941
13.8567168902882   6.94321
13.8574903806946   7.38861
13.8582638025183   7.30988
13.8590383953876   7.36765
13.8598121449987   7.36646
13.8605848960616   7.45074
13.8613588183692   7.76085
13.8621328271074   7.73388
13.8629076975144   7.69975
13.8636818792438   7.79749
13.8644552169709   7.91192
13.8652294164622   8.04089
13.8660038575359   8.28095
13.8667793159153   8.5238
13.8675539301425   8.45509
13.8683275447539   8.40542
13.8691023319673   8.34
13.8698772057562   8.35836
13.8706529422253   8.13171
13.8714279892955   8.00222
13.8722020362155   7.41773
13.8729772564168   7.1687
13.8737525632663   6.89837
13.8745288886072   6.67425
13.8753042135784   6.0329
13.876078848509   5.91603
13.8768545020787   5.95523
13.877630086995   5.64521
13.8784068463533   5.33896
13.8791827602159   5.254
13.8799576728582   5.2041
13.8807337601425   5.45069
13.8815099342204   5.21269
13.882286972499   5.36763
13.8830623873189   4.96204
13.8838388218473   5.37648
13.8846151876967   5.58883
13.8853917959258   5.68172
13.8861694244289   5.59645
13.8869451174584   5.84282
13.8877219863565   6.26284
13.8884989421794   6.56723
13.8892758293064   6.44712
13.8900538929203   6.37367
13.8908301756719   6.28869
13.8916073236345   6.35463
13.8923847142648   6.42225
13.8931621919073   6.59733
13.8939406910148   6.94421
13.8947172525304   6.88045
13.8954949912799   7.28422
13.8962726613081   7.36968
13.8970505741962   7.52544
13.8978295091455   7.48919
13.8986065054425   7.48129
13.8993846796569   7.61388
13.9001629410151   7.67545
13.9009412895318   7.91125
13.9017205047924   8.14548
13.9024980921677   8.13508
13.9032767022303   8.27001
13.9040552435434   8.10015
13.9048340280373   8.17901
13.9056138357865   7.94148
13.9063917027599   7.66424
13.9071707490195   7.56589
13.9079498825694   7.65164
13.908728947353   7.41803
13.9095091920436   7.01669
13.9102876510018   6.9075
13.9110669777186   6.55094
13.9118465479055   6.41277
13.9126262054709   6.09307
13.9134057942531   6.08206
13.9141856266019   5.90845
13.9149655463733   5.3588
13.9157453973531   5.19425
13.9165254919961   5.03458
13.9173056741058   4.96868
13.9180857874154   4.76005
13.918866144485   4.76997
13.9196465890654   4.92991
13.9204269648372   4.68596
13.9212075844658   4.6558
13.9219882916493   4.44648
13.9227689300159   4.22462
13.923549812336   4.0666
13.9243307822553   4.24945
13.9251118397884   3.97255
13.9258928284934   3.8107
13.926674061281   4.02894
13.9274553817268   3.98436
13.9282366333359   3.91458
13.9290181291247   3.95274
13.9297995560712   4.15849
13.9305812272619   4.11604
13.9313629861846   4.36806
13.932144832854   4.36375
13.93292661067   4.17223
13.9337086328595   3.98151
13.9344907428401   4.12015
13.9352727839588   3.93452
13.9360550695482   4.14342
13.9368374429731   3.72582
13.9376197475276   3.78237
13.93840229665   4.22302
13.9391849336522   3.82394
13.9399675017757   3.79381
13.9407503145643   3.38276
13.941533215277   3.46842
13.9423160471027   3.83542
13.9430991236907   3.70083
13.9438813470796   3.57585
13.9446653839086   3.78092
13.9454487244294   3.64166
13.9462321529634   3.63928
13.9470155125934   3.62725
13.9477981754839   4.16876
13.9485828098253   3.69594
13.9493664335577   3.92534
13.9501503023446   3.62727
13.950918871289   3.94825
13.9517172049762   3.91376
13.9525022803225   3.70136
13.9532865015896   3.47884
13.9540706539277   3.526
13.95483965492   3.82072
13.9556231962143   3.40696
13.9564241112793   3.50777
13.9572086163242   3.61628
13.9579933667487   3.72942
13.9587628001707   3.40464
13.9595467820956   3.41468
13.9603316382468   3.72605
13.9611330938547   3.64078
13.9619181283974   3.4825
13.9626879945966   3.68764
13.9634724175061   3.50028
13.9642577151586   3.56184
13.9650432584832   3.73407
13.9658298343254   3.32385
13.9666155545405   3.57711
13.9674002614337   3.59072
13.9681861583687   3.96886
13.9689721437481   3.85411
13.969759004807   4.03215
13.9705451672084   4.30374
13.9713304732221   4.24348
13.9721166550132   4.12628
13.9729030828028   4.53674
13.9736905443225   5.09011
13.974476991751   5.02336
13.9752627398672   5.04306
13.9760495218647   5.26084
13.9768362348524   5.28017
13.9776241397629   5.48616
13.9784102418407   5.83188
13.9791972206285   6.16172
13.9799844457091   6.58081
13.9807717594584   6.67849
13.9815601081522   6.57649
13.9823464952948   6.72167
13.9831340751222   6.96169
13.9839215859146   7.24311
13.9847093431963   7.84682
13.9854981360307   8.35961
13.9862849662337   8.77766
13.9870729898184   9.20959
13.9878611022067   9.66876
13.9886491455434   10.082
13.9894383828938   10.6308
13.9902258144374   10.9076
13.9910142821724   11.4928
13.9918026808448   12.2977
13.9925913263343   12.7844
13.9933810085943   13.2071
13.99416872606   13.5055
13.9949576383031   13.9604
13.9957464814696   13.9212
13.9965355716176   13.8118
13.9973256991458   13.2776
13.9981140188805   12.6396
13.9989032179239   11.7578
13.9996926640802   11.0502
14.0004821992806   10.3507
14.0012726143163   9.66797
14.0020613787014   9.0581
14.0028511811069   8.76386
14.0036409144082   8.20041
14.0044308950199   7.43468
14.0052219142327   7.32688
14.0060109654   7.07345
14.0068012134429   6.46822
14.0075915506657   6.2892
14.0083818187677   5.91396
14.0091723343777   5.41043
14.0099629392129   5.20833
14.0107534749189   5.10335
14.0115442582319   5.08195
14.0123351308155   4.99257
14.0131259342615   4.81792
14.0139169854135   4.76646
14.0147081258814   5.23717
14.0154991972035   5.08115
14.0162905163306   4.91889
14.0170819248189   4.75271
14.0178734226837   4.86509
14.0186648513916   4.39199
14.0194565280366   4.57491
14.0202481355194   4.58826
14.0210399910053   4.67237
14.0218319359434   4.54754
14.0226238117108   4.86557
14.0234159355807   4.6083
14.0242081489482   4.70196
14.0250004518285   4.73502
14.0257926855271   4.68015
14.0265851674605   4.2091
14.0273777389523   4.46948
14.028170241254   4.31262
14.02896299189   4.62682
14.0297558321298   4.30808
14.0305486031714   4.16738
14.0313416226465   4.4681
14.0321347317711   4.37766
14.0329277716892   4.44551
14.0337210601403   4.32348
14.0345144382865   4.17583
14.0353077472179   4.21712
14.0361013047819   4.20301
14.0368949520866   4.34432
14.0376885301683   4.30573
14.038482356982   4.09266
14.0392762735822   3.98106
14.0400691667537   4.29951
14.0408642171518   4.25586
14.0416584031845   4.01168
14.0424525199777   4.45931
14.0432468857024   4.07478
14.0440403865677   3.78486
14.0448357276596   3.98698
14.0456303630455   4.03831
14.0464250883551   4.04456
14.0472197444085   4.16233
14.0480136943155   3.98564
14.048809644747   4.04567
14.0496047298856   4.09757
14.0503997457572   4.02318
14.051195010893   3.74748
14.0519892509379   4.06274
14.0527856519503   3.84756
14.0535811872055   3.82135
14.0543766531799   3.83636
14.0551723685852   4.12245
14.0559672177379   3.72352
14.056764069732   3.66055
14.0575598960748   3.98701
14.0583559719818   3.85853
14.0591521380571   3.87839
14.0599472779312   3.80994
14.0607445812721   3.92589
14.0615410179259   3.85078
14.0623373852716   3.64161
14.0631340023818   3.62444
14.0639297523089   3.61746
14.0647273478063   3.73752
14.0655242357251   3.71332
14.0663212139501   3.62048
14.0671181228505   3.76773
14.06791432373   3.76368
14.0687125309338   3.76226
14.0695097108187   4.0354
14.0703071407691   3.8431
14.0711037026975   3.94041
14.0719011535966   4.04805
14.0726998132992   3.85004
14.0734976049173   3.99336
14.0742953271861   4.15092
14.0750923407575   4.04886
14.0758904036746   4.03757
14.0766893564156   3.86031
14.0774876004509   3.83583
14.078285935023   3.84175
14.0790832407218   3.82838
14.0798817562869   4.09032
14.0806813221605   3.92458
14.081480019016   4.20205
14.0822786464949   4.10522
14.0830765645235   4.38217
14.0838753731131   4.20844
14.0846753926416   4.27785
14.0854745426846   4.25177
14.0862737834188   4.33703
14.087071994163   4.58529
14.0878714161983   4.61661
14.088671889786   4.47728
14.0894713332665   4.436
14.0902710276512   4.23824
14.0910698516774   4.52448
14.0918695673274   4.65551
14.0926704953427   4.60459
14.0934705529369   4.77615
14.0942705411136   5.00516
14.0950698187083   4.97649
14.0958701487582   4.89784
14.0966713712889   5.28725
14.0974718832294   5.30526
14.0982724860929   5.41458
14.0990720572883   5.51506
14.0998728419168   5.8289
14.1006746799675   6.10278
14.1014754862326   6.2229
14.1022755812356   6.24198
14.1030767298166   6.21477
14.1038778089475   6.49205
14.1046801025884   6.71496
14.1054815244016   6.8878
14.106281913538   7.08023
14.1070835173951   7.25109
14.1078852123614   7.43581
14.1086878014081   7.35599
14.1094896787304   7.63424
14.1102906834423   7.66351
14.1110925823361   7.56828
14.1118947330444   7.55819
14.1126979390498   7.90619
14.1135002722879   7.84594
14.1143015717264   8.33554
14.1151040873191   8.82985
14.1159066941764   9.04522
14.116710196183   9.26326
14.1175129857076   9.66621
14.1183149016809   9.61062
14.1191177129052   9.76544
14.1199207762824   9.59757
14.1207248962095   9.5718
14.1215279815445   9.64302
14.1223303537227   9.47916
14.1231337826073   9.16791
14.1239371419737   8.85736
14.1247417194375   8.21206
14.1255454227218   7.71208
14.126348090519   7.41422
14.1271519766251   7.01351
14.1279559542297   6.81305
14.1287608285907   6.46283
14.1295649893308   6.05282
14.1303682751055   5.83058
14.1311724577385   5.89922
14.1319768930332   5.79003
14.132782386761   5.62991
14.1335858772565   5.47813
14.1343905873566   5.35551
14.1351953890958   5.08447
14.1360001212764   5.00671
14.1368060737141   5.0981
14.137610183055   5.03297
14.1384151902207   4.61485
14.139220450354   5.05853
14.1400258022206   5.03925
14.1408322137785   5.12926
14.1416366198737   4.70965
14.1424422470155   4.60138
14.1432479659531   4.73879
14.144053615305   4.78261
14.1448604863572   4.8521
14.1456653508301   4.67618
14.1464714370714   4.61003
14.1472776151871   4.68064
14.1480838851929   5.14628
14.148891054643   5.06005
14.1496965394115   5.17336
14.1505030851634   5.19361
14.1513095613053   5.29062
14.1521162909604   5.1458
14.1529240821985   4.61685
14.1537298646213   4.58617
14.1545368702583   4.20892
14.155343967927   4.23258
14.1561509959695   4.1214
14.1569592478818   4.11489
14.1577656515696   4.31772
14.1585729557749   4.11233
14.1593805138009   4.32873
14.1601881639531   4.26896
14.160996715168   4.2161
14.1618035788961   4.14292
14.1626115055027   4.08908
14.163419362459   4.1963
14.1642274734413   4.08123
14.1650356766444   4.2498
14.165843810189   3.92197
14.1666521978625   3.84216
14.1674606778041   3.91131
14.1682690880792   3.77603
14.169077752586   4.02517
14.1698865094082   4.21311
14.170695196556   3.80053
14.1715041380383   4.04944
14.1723131718835   4.01033
14.1731222981075   3.72861
14.1739313546463   3.89523
14.1747406656568   3.89783
14.1755500690936   4.18343
14.1763594028371   3.74165
14.1771689911554   3.82474
14.177978509775   4.08352
14.1787882830381   3.90418
14.1795981488067   3.818
14.1804079448686   4.1835
14.1812179956771   3.98949
14.1820281390387   3.83074
14.1828383749692   3.6222
14.1836485411822   4.02005
14.1844589622795   3.68721
14.1852694759932   3.87978
14.1860799199815   3.67476
14.1868906189573   3.84343
14.1877014105973   3.88087
14.1885121325038   3.75075
14.1893231095011   3.83933
14.1901341792102   3.97339
14.1909451791779   3.9878
14.1917564343397   3.91649
14.1925677822611   4.03188
14.1933790604329   4.34681
14.1941905939025   4.13326
14.1950022201793   4.27007
14.1958137766985   4.30201
14.1966246130232   4.13692
14.1974374933945   4.05942
14.1982493284044   4.11447
14.1990614189191   4.076
14.1998736023367   4.24361
14.2006847398268   4.37194
14.201498085233   4.34978
14.2023105474361   4.43433
14.2031229398576   4.26429
14.2039355879912   4.14022
14.2047473524109   4.20097
14.205561000466   4.43884
14.2063739276245   4.61868
14.2071869478294   4.55514
14.2080000610967   4.71697
14.2088121272923   4.86418
14.2096264039853   4.78682
14.2104396336011   4.94671
14.2112531192406   5.42284
14.2120666980224   5.59638
14.2128792291596   5.60255
14.2136939720866   5.81528
14.2145078303727   6.05058
14.2153217818652   6.40861
14.2161356635336   6.36645
14.216948823077   6.4884
14.2177640326571   6.67789
14.2185781940139   6.85583
14.219392611741   7.12624
14.2202071227706   7.18296
14.2210205850084   7.19065
14.221836261624   7.1491
14.2226510526385   7.19986
14.223465773805   7.02823
14.2242807515501   6.8497
14.2250948431813   6.75729
14.2259108239818   6.34123
14.2267260819525   6.33461
14.2275414333702   6.27177
14.228355734962   5.96415
14.2291712731906   5.77686
14.2299878851008   5.96164
14.2308034470649   5.68993
14.2316192659207   5.83986
14.2324341977962   5.62613
14.233250040203   5.61455
14.2340671203545   5.50977
14.2348833134615   5.32267
14.2356994366807   5.39618
14.2365148359145   5.36195
14.2373313097618   5.13303
14.2381486950243   4.92884
14.2389653562936   4.99976
14.2397821112511   5.04792
14.2405978146561   4.85925
14.2414147569072   4.98501
14.2422327747691   4.75237
14.2430499046222   4.64394
14.2438669645611   4.51058
14.2446832997373   4.18172
14.2455005470934   4.51863
14.2463190344065   4.79155
14.2471366332283   4.57934
14.2479543258997   4.91052
14.2487709658649   4.97483
14.2495888461525   4.88893
14.2504078033399   5.21087
14.2512257077004   5.181
14.252043869825   4.99364
14.2528611425561   5.44851
14.2536793285685   5.60021
14.254498756016   5.75996
14.2553172940056   5.55333
14.2561357620414   5.66407
14.2569535041462   5.48557
14.2577723240868   5.49817
14.2585920581968   5.39029
14.2594110663679   5.56906
14.2602301686314   5.39063
14.261048216455   5.41845
14.2618675068201   5.07888
14.2626878760229   5.18195
14.2635071906646   5.0592
14.2643257786731   5.17427
14.2651454456811   4.75095
14.2659650427036   4.97127
14.2667858833834   4.85459
14.2676058331526   4.59721
14.2684247274393   4.80325
14.269244865602   4.75126
14.270065098052   4.5857
14.2708864106344   4.61949
14.2717066674973   4.3778
14.2725261969454   4.38446
14.2733466423267   4.05897
14.2741673464191   4.34165
14.2749891312922   4.00196
14.2758100242841   4.13427
14.2766298606335   3.97535
14.2774509423442   3.87121
14.2782721185049   4.04385
14.2790942116012   3.82706
14.2799155768055   3.68222
14.2807360493183   4.1504
14.2815574388725   3.96754
14.2823790874899   3.79162
14.2832018181863   3.81087
14.2840234914219   3.78274
14.2848444360682   3.58169
14.285666462956   3.96788
14.2864884197927   3.5639
14.2873116240037   3.82508
14.2881339348748   3.86832
14.2889551873599   3.73437
14.289777687439   3.96333
14.2906002822129   3.74604
14.2914237955884   3.72279
14.292246579896   3.68321
14.2930684700514   3.98659
14.2938912789144   3.40378
14.2947143473701   3.70899
14.2955384998565   3.60766
14.2963606037849   3.72222
14.2971839566498   3.92862
14.2979912412422   3.73731
14.2988307819737   3.86538
14.2996554092029   3.93688
14.3004781517083   3.7389
14.301301978929   3.9878
14.3021097286463   3.66237
14.3029335788245   3.98347
14.3037748555167   4.10755
14.3045979070534   3.67622
14.305422209021   3.60513
14.3062304242467   3.47684
14.3070547492392   3.50987
14.3078793343901   3.54539
14.3087202019404   3.48762
14.3095448138881   3.29958
14.3103534950248   3.60058
14.311178460476   3.50528
14.3120035210482   3.52304
14.3128275198536   3.80005
14.3136699608756   3.79617
14.3144791083449   3.83394
14.3153043842172   3.78488
14.3161299206029   3.95167
14.3169543946368   3.98115
14.3177811136634   3.89908
14.3186069357386   4.0505
14.319432853083   4.3035
14.3202587002693   4.25784
14.3210838154058   4.1849
14.3219110114139   4.34616
14.3227371444797   4.81581
14.323563538379   4.7005
14.3243900276464   4.63644
14.3252154533908   4.77111
14.3260431267743   4.76932
14.326869902226   5.13496
14.3276966074964   5.10188
14.3285235738139   4.8333
14.3293496416758   4.99572
14.3301776271942   4.89515
14.3310048799439   4.95932
14.3318322282104   4.79022
14.332658511898   4.97576
14.3334860511138   5.14015
14.3343146805078   5.13104
14.335142410988   5.22724
14.3359700712608   5.14284
14.3367969979814   5.12359
14.3376248493308   4.97593
14.3384539573416   5.2059
14.3392821659471   5.2623
14.340110470235   5.12688
14.340937708769   5.23385
14.3417662043374   5.31576
14.342595791399   5.32181
14.343424312584   5.38496
14.3442530954946   5.18657
14.3450809780808   5.19073
14.3459097864199   5.07469
14.3467398529285   5.09867
14.3475690190475   5.16173
14.3483981149203   5.00253
14.3492264760513   4.94579
14.350055929631   4.94588
14.3508863098694   5.10789
14.3517159553583   4.86361
14.3525456967788   4.91669
14.3533743706791   5.05417
14.3542043038781   4.8516
14.3550353305476   4.71754
14.3558652895741   4.6739
14.3566955108635   4.8174
14.3575248303491   4.48609
14.3583550772775   4.53058
14.3591865846427   4.55496
14.3600171901387   4.62919
14.3608478917328   4.60729
14.3616775246269   4.46074
14.3625084183325   4.43962
14.3633404068299   4.35737
14.3641713265041   4.24119
14.3650015099257   4.21559
14.3658326218063   4.33183
14.366663996381   4.16786
14.367496466409   4.14233
14.3683280335793   4.12201
14.3691585309861   4.24523
14.3699902905682   4.14807
14.3708221464488   4.19083
14.3716549318115   4.14668
14.3724869804357   4.18609
14.3733181253769   4.35159
14.3741501999081   4.37025
14.3749825374935   4.23416
14.3758159718569   4.16416
14.3766483356234   4.31952
14.3774799619413   4.07106
14.3783125184155   4.14454
14.3791453381241   4.20606
14.3799792552741   4.28268
14.3808122680808   3.91313
14.3816442093478   3.86358
14.3824774150683   3.57774
14.3833107173386   3.8102
14.3841449507909   3.655
14.3849784463077   3.73793
14.3858110366537   3.9548
14.3866445582903   3.83572
14.3874783435223   3.55915
14.3883132275241   3.81231
14.3891470391508   3.8592
14.38998011213   3.72761
14.3908142840454   3.75217
14.3916483855813   3.7799
14.39248375363   3.76964
14.393318215846   3.78357
14.3941516047419   3.60892
14.3949862603755   3.52636
14.395821012811   3.94126
14.3966568653471   3.91076
14.397490640922   3.87497
14.3983256838447   3.76474
14.399160656365   3.59768
14.3999958930237   3.94908
14.4008322304493   3.73914
14.4016664897369   3.7525
14.4025020171358   3.95318
14.4033376414882   3.86752
14.4041731954228   3.91633
14.40501001816   3.84106
14.4058449290086   3.80437
14.4066809413247   3.88174
14.4075168832128   4.00409
14.4083530896023   3.73014
14.4091903980932   3.75477
14.4100256260893   3.60087
14.4108621237255   3.83861
14.4116987184842   3.84925
14.4125352427996   3.82149
14.4133730374477   3.85975
14.4142089180429   3.71609
14.4150457338002   3.53871
14.4158828143863   3.48574
14.4167199921965   3.51583
14.4175581057453   3.69245
14.4183944718377   3.40042
14.4192319414022   3.42452
14.4200693405006   3.59934
14.4209070046462   3.76361
14.4217457728993   3.61176
14.4225824571152   3.45047
14.4234204132695   3.48291
14.4242584668004   3.22852
14.4250964498499   3.4759
14.4259357055323   3.64566
14.4267730439087   3.72027
14.4276113191629   3.55808
14.4284498597926   3.60032
14.4292884979009   3.40917
14.4301270655127   3.62111
14.4309658986095   3.71354
14.4318048292359   3.90334
14.4326438574089   3.55205
14.4334828150752   3.86818
14.4343220383727   3.64331
14.4351611911586   3.68989
14.4360006096489   3.74316
14.4368401257708   3.7873
14.4376795713734   3.72484
14.4385192827902   3.74422
14.4393590918897   3.67109
14.4401989986891   3.80891
14.4410388349591   3.76374
14.4418789371897   3.65698
14.4427191371712   3.80414
14.4435592666159   4.06623
14.444399662131   4.01057
14.4452401554483   3.90766
14.4460805782211   3.98801
14.4469212671743   4.13555
14.4477620539809   3.98472
14.4486027702356   4.22228
14.4494437527807   4.29631
14.4502848332304   4.27808
14.4511258431206   4.45644
14.4519671194114   4.38311
14.4528084936581   4.48667
14.4536497973377   4.32067
14.4544913675281   4.55315
14.4553330357258   4.52147
14.4561746333488   4.74942
14.4570164975928   4.98182
14.4578584598955   4.94563
14.458700351616   5.07505
14.4595425100679   4.98964
14.4603847666298   5.03848
14.4612269526019   4.90194
14.4620694054158   4.84529
14.4629109438536   4.85123
14.4637544367693   4.87938
14.4645971840996   4.8763
14.4654400296428   4.72675
14.4662829734163   4.63525
14.4671248334548   4.60596
14.4679689868481   4.74017
14.4688120565015   4.59166
14.4696553933281   4.43038
14.4704988284707   4.52461
14.4713411792753   4.75024
14.4721858248003   4.44912
14.4730295549747   4.562
14.4738733835339   4.30754
14.4747171414634   4.35477
14.4755601525149   4.33749
14.4764052906218   4.42672
14.4772493437819   4.56715
14.4780936644843   4.28294
14.4789380836749   4.21395
14.4797814173196   4.23659
14.4806270484197   4.1769
14.4814717631586   4.15678
14.4823164072451   4.24587
14.4831613190958   4.09742
14.4840053140448   4.09504
14.4848512693206   3.96856
14.4856964769782   3.84366
14.4865417832792   4.14531
14.487387018913   3.99267
14.4882315064469   3.73279
14.4890781248481   3.64477
14.4899236564886   3.569
14.4907694562263   3.68946
14.4916153547111   3.80434
14.4924601658345   3.50031
14.4933072785249   3.78621
14.494153473335   3.73509
14.4949995974555   3.73921
14.4958449727415   3.69578
14.4966914639138   3.711
14.4975389017809   3.71954
14.498385590806   3.7604
14.499232378734   3.89014
14.5000780782091   3.82109
14.5009250638561   3.77204
14.5017731664442   3.65774
14.5026203501372   4.03358
14.5034674631158   4.09414
14.5043138264425   3.81173
14.5051613070174   3.80611
14.5060097354515   3.75204
14.5068574142263   3.91146
14.5077051920774   4.00237
14.5085518802609   3.98338
14.5093998561779   4.09285
14.5102489503998   4.00731
14.5110969548276   4.12092
14.5119452282814   3.84006
14.5127925813819   4.30615
14.513640883153   4.27549
14.5144904738342   4.38058
14.515339144095   4.14776
14.5161877436043   4.27282
14.517035592233   4.65471
14.5178845601576   4.68625
14.5187344776921   4.70849
14.5195836443385   4.99998
14.5204329103223   5.03607
14.5212810848127   4.97005
14.5221305493841   5.25203
14.5229811343109   5.21846
14.5238306276176   5.43534
14.5246803905097   5.92569
14.5255292315196   5.85491
14.526379022953   6.2291
14.5272301056474   6.26024
14.5280802663923   6.38401
14.5289293345461   6.26688
14.5297796941926   6.22852
14.5306301533858   6.22259
14.5314815639444   6.03917
14.5323322223833   5.8626
14.5331819580207   5.90239
14.5340326451358   6.04125
14.5348836022851   5.96134
14.5357356818461   6.1109
14.5365868384361   5.95036
14.5374369012135   5.91558
14.5382882570547   5.7837
14.5391397126177   5.63542
14.539992120719   5.45796
14.5408437758779   5.36891
14.5416943366126   5.47011
14.5425461911978   5.3299
14.5433981455923   4.98973
14.5442512237724   4.76528
14.5451032072785   4.68245
14.5459544371079   4.81573
14.5468067908955   4.80036
14.5476590738404   4.62126
14.5485126519784   4.58281
14.5493653056101   4.78678
14.5502168635929   4.6567
14.5510697170017   4.62598
14.5519226703955   4.44073
14.5527765780914   4.42602
14.553629731608   4.27725
14.5544819597627   4.14654
14.5553351423322   4.34127
14.5561885958747   4.253
14.5570431752682   4.40037
14.5578966581495   4.35073
14.5587493861155   4.47437
14.5596032401057   4.52299
14.5604570232166   4.58383
14.5613121038886   4.58466
14.5621652320323   4.65683
14.5630193156517   4.71632
14.563873670583   4.87772
14.5647281257635   4.98874
14.5655837081752   4.98878
14.5664371657616   4.97016
14.5672919217753   4.74649
14.5681466068878   4.91863
14.5690015635386   4.94176
14.5698576481117   4.9228
14.5707116066418   5.05808
14.5715668643907   4.91594
14.5724222225478   4.99456
14.5732776811306   4.91781
14.5741340969658   4.93998
14.5749887282625   4.94325
14.5758444882087   4.79016
14.5767001772294   4.94502
14.5775561381663   4.93874
14.5784132284096   4.91338
14.5792681901711   4.81369
14.5801244527369   4.73078
14.5809808158878   4.71242
14.5818371080986   4.53796
14.5826947018315   4.71064
14.5835503374451   4.72142
14.5844069314902   4.50565
14.5852637977922   4.4474
14.5861207647858   4.46295
14.5869788624724   4.20933
14.5878348292344   4.09265
14.5886920983888   4.28148
14.5895492965813   4.28846
14.5904067672584   3.77529
14.5912653693228   3.76986
14.5921218392396   3.95858
14.592979612344   3.69371
14.5938374862998   3.6456
14.5946952892792   3.58155
14.595553364971   3.80106
14.5964115415675   3.90605
14.5972696471804   4.10083
14.5981280256197   3.75592
14.5989865050171   3.63314
14.5998450853906   3.69206
14.6007035947707   3.78817
14.6015623771293   3.65987
14.6024210884898   3.84554
14.603280072905   3.74622
14.6041391583852   3.78114
14.6049981728601   3.74211
14.6058574605038   3.87
14.6067168492662   3.87468
14.607576339165   3.7714
14.6084357580488   3.85324
14.6092954502539   3.75427
14.6101552436491   3.68062
14.611014966022   3.69152
14.6118749618305   3.67129
14.6127350588828   3.73595
14.6135950849056   3.38267
14.6144553844785   3.76535
14.6153157853487   3.50312
14.6161761151823   3.53295
14.6170367186805   3.43
14.6178974235298   3.25843
14.6187580573352   3.38008
14.6196189649198   3.35745
14.6204799739091   3.2617
14.6213409118474   3.46711
14.6222021236796   3.47781
14.6230634369704   3.48796
14.6239246792028   3.2002
14.6247861954439   3.29045
14.6256478131973   3.04233
14.6265093598853   3.06411
14.6273711806968   3.37216
14.6282331030744   3.09728
14.6290939184394   3.22957
14.6299570799227   3.26057
14.630819307086   3.33378
14.6316814631695   3.28421
14.6325438936064   3.56979
14.6334053891665   3.2256
14.6342690595198   3.60574
14.6351316222331   3.52131
14.6359944594531   3.65193
14.6368573984189   3.63527
14.6377192291265   3.8765
14.6385834087795   3.93024
14.6394466530705   4.42513
14.6403098262579   4.41769
14.6411732741823   4.62226
14.6420356132246   4.77428
14.642900302628   5.01925
14.6437640561477   5.04429
14.6446279115754   5.23388
14.6454916958852   5.38359
14.6463547167766   5.9077
14.647219916402   6.24518
14.6480840065163   6.56784
14.6489483717137   6.78096
14.6498128389272   7.08352
14.6506761960098   7.24006
14.6515419062885   7.14252
14.6524066796387   6.99405
14.6532713818497   6.75119
14.6541363593746   6.7322
14.655000399412   6.81728
14.6558664475274   6.92822
14.6567317314602   7.25413
14.6575971175719   7.30889
14.65846243253   7.27231
14.6593269828073   7.4043
14.6601937157701   7.40429
14.6610595107582   7.22984
14.6619252345832   7.21004
14.6627901933901   6.93584
14.6636561216241   6.92178
14.6645233665985   6.96013
14.6653896730743   6.76803
14.6662559083752   6.35799
14.6671043698236   6.02407
14.6679879917031   5.7151
14.6688557491634   5.33408
14.6697223939838   5.16653
14.6705893148515   4.9538
14.6714382777746   4.70406
14.6723054014636   4.31233
14.6731905186424   4.28768
14.6740578494747   4.38066
14.6749251091087   4.2865
14.6757745739311   4.24007
14.6766422102859   4.1132
14.6775099492366   4.22034
14.6783776169795   4.10823
14.6792636407962   4.18599
14.6801136079833   4.23822
14.6809815835955   4.32313
14.6818498357578   4.27316
14.6827181906253   4.22688
14.6835875179428   4.33347
14.6844550345827   4.42538
14.6853236976545   4.36455
14.6861922894973   4.46722
14.687061158123   4.49355
14.6879311738527   4.68669
14.6887990297673   4.60046
14.6896682068709   4.68099
14.6905374868437   4.68538
14.6914066955735   4.37132
14.6922772262269   4.56755
14.6931457699891   4.53224
14.6940152874089   4.7787
14.6948850819613   4.79493
14.6957549794926   4.95494
14.6966260255475   4.90106
14.6974949092904   4.64906
14.6983651158478   4.75118
14.6992352511411   4.6586
14.7001056638004   4.74277
14.7009761795486   4.61949
14.7018466240256   4.66287
14.7027173459856   4.77754
14.7035881710893   4.83285
14.7044589249149   4.54857
14.7053299563404   4.55146
14.7062010909646   4.45597
14.7070723288059   4.24247
14.7079434953597   4.06974
14.7088149396694   4.16278
14.7096864872513   4.05389
14.7105579635387   3.91386
14.7114297176992   4.06841
14.7123015751869   4.00456
14.7131733613731   3.99816
14.7140454255496   3.8784
14.7149175931084   3.86077
14.7157896893588   3.64663
14.7166620637167   3.56093
14.7175345415121   3.56237
14.7184069479921   3.51253
14.7192796326969   3.73614
14.7201524208944   3.48481
14.7210251377696   3.36728
14.721898132987   3.72756
14.7227712317523   3.64548
14.7236442591883   3.40813
14.724517565084   3.59667
14.725390974583   3.5948
14.7262643127456   3.70229
14.7271379294855   3.73353
14.728011649884   3.73081
14.7288852989392   3.85844
14.7297592266893   3.9375
14.7306332581533   3.84537
14.7315072182671   3.92432
14.7323814571935   4.03285
14.7332557998892   3.94455
14.7341302463726   3.89717
14.7350046214967   3.94615
14.7358792755904   4.00335
14.7367540335272   3.98595
14.7376287200978   4.00589
14.7385036857558   4.12405
14.7393775284249   4.04584
14.740253753496   4.14203
14.7411290308849   4.0936
14.742004412228   4.16851
14.7428797221909   4.10784
14.7437542592347   4.15056
14.7446310047734   4.39232
14.7455066266825   4.5177
14.7463825280331   4.68968
14.7472585334491   4.85618
14.7481334146034   4.79146
14.7490106810528   4.91409
14.7498869987555   5.16361
14.7507632450574   5.26182
14.7516397710371   5.53529
14.7525153477001   5.35522
14.7533929599424   5.67161
14.7542697984873   5.9263
14.7551467412647   6.27714
14.7560236126274   6.94786
14.7568997097849   7.18158
14.7577780194702   7.34756
14.7586552036143   7.63962
14.7595326677913   8.01374
14.7604102363124   8.19374
14.7612866786584   8.63508
14.7621655106492   8.98176
14.7630433922934   9.51071
14.763921378356   10.1179
14.7647992929811   10.694
14.7656764325419   11.0889
14.7665556114085   11.6636
14.7674340152899   12.549
14.7683125236831   13.0955
14.7691911366067   13.9906
14.7700686220769   14.3671
14.7709485000983   14.6506
14.7718274267041   14.6561
14.7727062818518   13.9398
14.7735843611606   12.993
14.7744636014909   11.9694
14.7753438271125   11.5086
14.7762232768884   11.1816
14.7771028313628   11.0768
14.7779812572316   10.9683
14.7788610210122   10.9924
14.7797419469329   10.8564
14.7806217441153   10.495
14.7815018223206   9.91433
14.7823809475733   9.33057
14.7832610589779   8.95986
14.7841425095398   8.76871
14.7850230070794   8.53652
14.7859034331267   8.19058
14.7867830820418   7.53028
14.7876638941474   6.8164
14.7885456933995   6.10376
14.7894267155126   5.333
14.7903078426051   4.94278
14.7911878391677   4.70228
14.7920691761281   4.45836
14.7929516774006   4.35116
14.7938330480102   4.25241
14.7947147002391   4.24048
14.7955953979047   4.58075
14.7964770835799   4.72733
14.7973601109018   4.68812
14.7982421835906   4.73063
14.7991243614465   4.81034
14.8000054074869   4.98679
14.8008877955863   5.14477
14.8017711726925   5.13912
14.8026537713633   4.99944
14.8035364752954   5.07566
14.8044180467684   5.15565
14.805300961132   5.33258
14.8061850419859   5.64384
14.8070681671305   5.74276
14.8079501593006   5.6776
14.8088334950273   5.64598
14.8097169361472   5.68105
14.8106013675172   5.4533
14.8114850195857   5.33852
14.812367538035   5.22504
14.8132514008741   5.20552
14.8141353692008   5.20644
14.8150205054732   5.46463
14.8159045078641   5.7022
14.8167877301793   5.81367
14.8176721206239   6.1307
14.8185564394927   6.23196
14.8194421041728   6.18058
14.8203268115259   6.00801
14.821210383969   5.82822
14.8220953024704   5.57916
14.8229803266485   5.61945
14.8238663429458   5.79412
14.8247515786397   5.85026
14.8256358561044   6.01456
14.8265211258087   6.17081
14.8274066786114   6.31496
14.8282934015483   6.20018
14.8291789886657   5.93812
14.8300637944037   5.72844
14.8309497704599   5.60005
14.8318356749068   5.25133
14.8327229276729   5.33076
14.8336092214904   5.08662
14.8344943784574   4.92716
14.8353808839914   4.90678
14.8362674954865   4.74479
14.8371551009753   4.71926
14.8380419245556   4.3776
14.8389277882826   4.21456
14.8398146461241   4.29851
14.8407017876668   4.20364
14.8415901015382   4.28013
14.8424762112663   4.35708
14.8433636710701   4.33187
14.844251237006   4.65129
14.8451389090931   4.76217
14.8460275764265   4.76188
14.8469143939606   4.89787
14.8478023845943   4.97035
14.8486903035764   5.02619
14.8495785066626   4.7989
14.850467883544   4.82552
14.8513550537079   4.66691
14.8522435756267   4.56877
14.8531322038682   4.64775
14.8540207604448   4.62611
14.8549106695362   4.50797
14.8557985486708   4.6271
14.8566874243022   4.69792
14.8575765844012   4.82092
14.8584658509375   4.89966
14.8593561146035   4.75753
14.8602445252426   4.70982
14.8611341111843   4.6547
14.8620236254411   4.42526
14.8629134244081   4.55327
14.8638043993751   4.43994
14.8646931637548   4.4568
14.8655832824141   4.56312
14.8664735076829   4.59453
14.8673636612536   4.60617
14.8682551698659   4.67543
14.8691446449683   4.83063
14.8700351184544   5.0417
14.8709258770153   5.0933
14.8718167423007   5.24766
14.8727087850592   5.52187
14.8735986146452   5.63111
14.8744898001977   5.87672
14.8753809140323   6.09204
14.8762723131851   6.27268
14.8771638191775   6.70481
14.8780552534454   6.91722
14.8789469731533   7.2938
14.8798387997584   7.70165
14.88073073328   8.19031
14.8816225950684   8.79356
14.8825147424592   9.35988
14.8834069968242   10.1666
14.8842991794495   10.9791
14.8851916477992   11.8559
14.8860842231808   12.8145
14.886976726816   13.6084
14.8878695162977   14.4978
14.8887624128692   15.2649
14.8896552376877   15.6091
14.8905483484749   15.5694
14.8914415664096   14.9467
14.8923347125848   14.1266
14.8932281448509   13.3942
14.8941216843223   13.1926
14.8950151520278   13.1359
14.8959089059464   13.3336
14.8968027671282   13.4216
14.8976965565376   13.3297
14.8985906322824   12.821
14.8994848153485   12.1587
14.9003789266355   11.4485
14.9012733243804   10.8816
14.9021678295046   10.61
14.9030622628431   10.3966
14.9039569827622   10.2104
14.9048518101184   9.86682
14.9057465656826   9.3123
14.9066416079498   8.60911
14.9075367577124   7.88624
14.9084320149895   7.11969
14.909327200466   6.59219
14.910222672809   5.89228
14.9111182527249   5.73977
14.912012684437   5.66603
14.9129095559315   5.53245
14.9138054586604   5.35695
14.9147012895756   5.05462
14.9155974076031   4.7652
14.9164923767693   4.54223
14.9173897872161   4.41771
14.9182862283477   4.37373
14.9191827772268   4.44848
14.920079254279   4.39936
14.9209749409989   4.1433
14.9218728909058   4.30469
14.9227696912888   4.44718
14.9236667791531   4.50104
14.9245639748814   4.41722
14.9254600204315   4.53293
14.9263585102633   4.53276
14.9272560296788   4.73665
14.9281534772483   4.92292
14.9290512125455   5.08675
14.9299479768362   5.27542
14.9308468272488   5.68359
14.9317448865253   5.81057
14.932643053841   6.09976
14.9335411492977   6.34263
14.9344384530924   6.53865
14.9353380242577   6.76376
14.9362366239039   7.15059
14.9371351516826   7.43161
14.9380339676003   7.74606
14.93893163136   8.15762
14.9398317439133   8.66036
14.9407308843955   8.98551
14.9416299529994   9.09202
14.9425293099483   8.93112
14.9434276942343   8.83696
14.9443283486863   8.70601
14.9452278503151   8.65564
14.9461276404538   8.86278
14.9470264574872   9.38944
14.9479262839543   9.8667
14.9488274807728   10.4429
14.9497277044144   10.567
14.9506278561564   10.5033
14.9515272145475   10.332
14.9524275830129   10.3593
14.9533293226879   10.2936
14.9542300886325   10.0835
14.9551309631052   9.92405
14.956030682905   9.84416
14.9569317743405   9.68789
14.9578340573844   9.21212
14.9587351856186   8.48713
14.9596366029826   7.73509
14.9605370455793   6.88648
14.9614384995334   6.34612
14.9623413264157   6.26095
14.9632431784592   6.02548
14.9641449585711   5.7446
14.9650459439951   5.82757
14.9659481221184   5.85123
14.9668513126315   5.98393
14.9677537084503   5.72279
14.9686562130919   5.52598
14.9695575610693   5.55953
14.9704602832629   5.39509
14.97136419932   5.42757
14.9722671394278   5.36229
14.9731700075831   5.48795
14.974072080157   5.55242
14.9749751660175   5.59867
14.9758796273903   5.40633
14.976783112258   5.13231
14.9776865251625   4.89338
14.9785891420386   4.98189
14.9794929538722   4.81442
14.9803979610762   4.80395
14.9813018101483   4.79268
14.9822048628339   4.777
14.9831089299662   4.7391
14.9840132873488   4.73964
14.9849188408564   4.7459
14.9858234167457   4.71299
14.9867268334411   4.63611
14.9876316276318   4.59609
14.9885363498341   4.67318
14.9894424501401   4.70481
14.9903475722705   4.87622
14.9912517158509   4.84186
14.9921568751694   4.8877
14.9930623251549   4.96993
14.9939689727766   5.10944
14.9948744602662   5.26338
14.9957791500246   5.51213
14.9966850376101   5.78412
14.9975908531862   6.05732
14.9984980485978   6.42698
14.9994042647176   6.83963
15.0003093196406   7.17439
15.0012157546559   7.70561
15.0021222992255   8.30329
15.0030300429455   8.85551
15.003936625197   9.55498
15.0048424088188   9.98983
15.0057492101204   10.1679
15.0066563027155   10.1977
15.0075645952191   10.0554
15.0084717255852   9.62108
15.0093780568719   9.49773
15.0102855882585   9.37437
15.0111930476046   9.5893
15.0121018893897   9.83677
15.0130097502053   10.0842
15.0139166296757   10.1398
15.0148245281234   10.2149
15.0157327182835   9.99394
15.0166421098705   9.72093
15.0175492462939   9.3568
15.0184577661098   9.16183
15.0193662138664   9.11652
15.0202749535451   9.0127
15.021184895411   8.98342
15.0220927628397   8.81442
15.0230016504156   8.35335
15.0239108300817   7.96219
15.0248201198   7.62628
15.0257304303205   7.42504
15.0266388473053   7.39762
15.0275484672783   7.62338
15.0284580151714   8.13107
15.0293678554067   8.36796
15.030278899352   8.69314
15.0311876841358   9.08753
15.0320978549259   9.68558
15.0330081359482   10.0892
15.0339183448782   10.5517
15.034829940603   10.7417
15.0357394582203   10.6296
15.0366499979391   10.4314
15.0375608303791   10.1964
15.0384717731716   9.8024
15.0393839211996   9.23327
15.0402938073951   8.454
15.0412050813433   7.42158
15.0421162831808   6.78694
15.0430277779925   6.10903
15.0439404788036   5.68993
15.0448509164449   5.71552
15.0457627427135   5.71316
15.0466746795152   6.01959
15.0475865441939   6.15844
15.0484997982907   6.38377
15.0494109705998   6.79028
15.0503233497131   6.93475
15.0512179285227   7.35493
15.0521482570739   7.37122
15.0530607853173   7.65485
15.0539736070419   7.96114
15.0548865394807   8.0774
15.0557816608531   8.32475
15.0566948126068   8.51245
15.0576258183638   8.66838
15.0585391938389   8.89528
15.0594524971644   9.17376
15.0603481615934   9.48108
15.0612618673757   9.59299
15.0621745858492   9.69247
15.0631073677357   9.4713
15.0640214083589   8.89584
15.0649176163606   8.39255
15.0658316935786   7.88236
15.0667449660195   7.97754
15.0676594481738   8.28331
15.0685929095465   8.61443
15.0694896615942   8.84904
15.0704044769697   8.71357
15.0713181206518   8.51575
15.0722331580461   8.14458
15.0731494063426   8.05908
15.0740644828062   7.79534
15.0749798537253   7.76182
15.0758942356373   7.80158
15.0768096454133   7.72068
15.077726450225   7.47494
15.0786422659567   7.41401
15.0795581929479   7.19619
15.0804729468894   7.05732
15.0813890963041   7.14125
15.0823062746402   7.18719
15.0832226468272   7.16372
15.084139130375   7.26525
15.085054440194   7.45356
15.0859711463682   7.59594
15.0868890657546   7.6357
15.0878059949265   7.38607
15.0887228518842   7.44838
15.0896389017864   7.20274
15.09055616525   7.26532
15.0914744589539   7.32794
15.0923919455963   7.39469
15.093308257286   7.28087
15.0942259669203   7.19504
15.0951437881593   7.02694
15.0960628241542   7.0569
15.0969806849204   6.88237
15.0978977378083   6.6652
15.0988160056474   6.4661
15.0997342012485   6.47301
15.1006537963007   6.4105
15.1015723994326   6.47077
15.10248982625   6.44762
15.103408652781   6.49899
15.1043275911206   6.49978
15.1052475616838   6.41917
15.1061667238137   6.57686
15.1070848930709   6.67666
15.1080040946801   6.83347
15.1089235923237   6.91579
15.1098443070443   6.95218
15.1107638444916   7.15388
15.1116825726868   7.33239
15.1126025181549   7.59521
15.113522391355   7.87416
15.1144436666656   8.17058
15.1153639483458   8.4343
15.1162830516639   8.82887
15.1172035573559   9.3007
15.118124175163   9.75398
15.1190458271827   10.2741
15.119966669394   10.6381
15.1208865170199   10.6935
15.1218073989873   10.628
15.1227285776327   10.4456
15.1236509756827   10.0888
15.1245723789598   9.94703
15.125492602507   9.84783
15.1264142302056   10.0422
15.1273359702244   10.0331
15.128258745785   10.0912
15.1291796026421   10.1486
15.1301016797223   9.911
15.1310236844971   9.62137
15.1319459863801   9.25839
15.1328695092233   8.88265
15.1337907427219   8.70364
15.1347133819745   8.44511
15.1356361337324   8.29993
15.1365588131731   8.12807
15.1374828991733   7.60839
15.138404879355   7.21835
15.1393278964064   6.80094
15.140251210954   6.47273
15.1411746381303   6.20261
15.142099102847   6.255
15.1430216454508   6.1985
15.1439454106144   6.33839
15.1448691034433   6.4699
15.1457930940274   6.59291
15.1467183079105   6.79123
15.14764122836   6.84125
15.1485655572409   7.12709
15.1494899989361   7.33525
15.150414368285   7.47687
15.1513401468727   7.70927
15.1522638158881   7.93761
15.1531885237757   8.07949
15.1541135298076   8.3318
15.1550386487779   8.66794
15.1559649926101   8.99718
15.1568890402767   9.46679
15.1578144981637   9.73399
15.1587400690719   10.1425
15.1596655676142   10.4536
15.1605924771861   10.9643
15.1615170892244   11.2291
15.162443112379   11.7953
15.1633692486584   12.4959
15.1642954980831   13.3291
15.1652216751305   14.1031
15.1661481508858   14.8512
15.1670747398487   15.6065
15.1680012564284   16.6196
15.1689280718463   17.5483
15.1698550005341   18.4967
15.1707818568329   19.3546
15.1717090121002   19.6363
15.1726362806997   19.5547
15.1735634769045   19.5645
15.1744909722082   19.2426
15.1754185809065   18.8567
15.1763461172043   18.1689
15.1772739527314   17.4402
15.1782019017156   16.8317
15.1791297782935   16.296
15.1800579542314   15.5212
15.1809862436888   14.6548
15.1819144607341   13.596
15.1828429772701   12.4943
15.183771607388   11.6706
15.1847001650882   11.1148
15.1856290224098   11.0583
15.1865579933759   11.1907
15.1874868919185   11.093
15.1884160902134   11.0017
15.1893454022153   10.7281
15.190274641788   10.6068
15.1912041812439   10.5134
15.1921338344696   10.8216
15.1930636014857   11.0973
15.1939932960651   11.16
15.1949232907024   11.2034
15.1958533991929   11.0386
15.1967834352409   10.7137
15.1977137714779   10.4115
15.1986440352686   10.1333
15.1995745993357   9.85642
15.2005052773607   9.28529
15.201434764349   8.63255
15.2023667889144   8.03433
15.2032978089157   7.76974
15.2042289429587   7.51368
15.2051600045422   7.41559
15.2060902474385   7.51509
15.2070228429792   7.47335
15.2079542467847   7.52028
15.2088859513046   7.48892
15.2098177699919   7.82573
15.2107483962524   8.01405
15.2116815632704   8.03889
15.212613724563   8.04494
15.2135458133791   7.8599
15.2144782031726   7.57826
15.2154095866172   7.47371
15.2163431388642   7.45479
15.2172758715781   7.45486
15.2182087186485   7.41206
15.219141493231   7.36185
15.2200734477251   7.3563
15.2210077592976   7.37547
15.2219408770472   7.55963
15.2228742961696   7.59661
15.2238078297748   7.65437
15.2247401688637   7.87364
15.2256750534918   7.94617
15.2266089306486   8.11962
15.2275427353008   8.22857
15.2284768415897   8.41011
15.2294099397823   8.58709
15.2303452108758   8.8525
15.2312796610326   9.16187
15.2322142258619   9.4243
15.2331489053848   9.60955
15.2340823889954   9.72867
15.2350184213404   9.67715
15.2359534450478   9.65041
15.2368883962318   9.56316
15.2378236494935   9.5337
15.2387577061439   9.58674
15.2396943131285   9.72495
15.2406299108917   9.76418
15.2415656235385   9.86383
15.2425001390146   9.81236
15.2434360813314   9.68401
15.2443732635082   9.44313
15.2453092483704   9.36706
15.2462455357077   9.21692
15.2471808127286   9.108
15.2481171423929   9.05949
15.2490549002687   8.98356
15.2499916477534   8.75134
15.2509283226871   8.61519
15.2518641743426   8.46538
15.2528012670164   8.18133
15.253739413429   8.03442
15.2546767365579   7.95331
15.2556141748886   8.02169
15.2565504139464   8.02509
15.2574880825827   8.12129
15.2584269934721   8.20357
15.2593647049447   8.16033
15.2603027195565   8.29671
15.2612397220942   8.19636
15.2621777793235   8.38384
15.2631172675058   8.45699
15.2640557435392   8.41085
15.2649941469939   8.43238
15.2659317257574   8.46193
15.2668705479358   8.58841
15.2678104259043   8.71721
15.2687494791762   8.80264
15.2696886479689   8.73861
15.2706266153812   9.0384
15.2715660151175   9.28567
15.2725066595072   9.42587
15.2734462905734   9.71857
15.2743858490427   9.83583
15.2753245818767   10.0572
15.2762643714566   10.1182
15.2772055947389   10.3055
15.2781458041097   10.6366
15.2790849991733   10.7377
15.2800252515315   11.1394
15.2809658080069   11.7237
15.2819076107396   12.3321
15.2828482105393   12.8596
15.2837879838527   13.4895
15.2847290036267   14.2196
15.285669950782   15.0586
15.2866123334771   15.8193
15.2875537010833   16.6451
15.2884938646316   17.5561
15.2894354639929   18.1059
15.2903771793452   18.8168
15.29131995392   19.5769
15.2922619014349   20.3065
15.2932028328743   20.8356
15.2941448236702   21.2926
15.2950871192527   21.1214
15.2960306635043   20.7465
15.2969730027058   19.8894
15.2979145139996   18.9724
15.2988572741664   18.1393
15.2997999616875   17.7105
15.3007440875112   17.6834
15.3016871964757   17.618
15.3026290992622   17.2731
15.3035724406252   16.6166
15.3045158983014   15.7871
15.3054606062583   14.855
15.3064041077506   14.131
15.3073467803856   13.4409
15.3082905144449   12.7191
15.3092345539625   11.9634
15.3101798445679   10.7432
15.3111241171314   9.88022
15.3120671821004   9.10902
15.3130116874928   8.81175
15.3139563094136   8.32925
15.3149019940057   8.28283
15.315845713679   8.19578
15.3167906852911   8.22294
15.3177355842236   8.40593
15.3186807890634   8.57127
15.3196272466074   8.64719
15.3205713593737   8.88536
15.3215169142285   9.10964
15.322462585806   9.38553
15.3234081846933   9.57562
15.3243552265054   9.87659
15.3253001116096   9.97943
15.326246060766   10.1359
15.3271923162345   10.1847
15.3281386885554   10.2089
15.3290863152001   10.2087
15.3300315942429   10.3027
15.3309783172277   10.4761
15.3319249675063   10.6409
15.3328719243675   10.7472
15.3338201363633   10.736
15.3347659993432   10.7379
15.3357133071931   10.9474
15.3366607320905   11.0855
15.3376080842712   11.3173
15.3385568821607   11.5502
15.3395035194516   11.861
15.3404514127323   12.2403
15.3413992332894   12.5374
15.3423473608803   12.664
15.3432967452301   12.6179
15.344243777732   12.3402
15.3451922569628   12.0917
15.3461406634613   11.8392
15.3470893772197   11.5668
15.3480393485503   11.4137
15.3489871566825   11.1706
15.3499360323395   10.8358
15.3508852154373   10.5843
15.3518345159304   10.1327
15.3527837436789   9.74668
15.3537332790042   9.40619
15.35468293179   9.03419
15.355632511826   8.7034
15.3565823995747   8.58385
15.3575324048494   8.40945
15.358482337369   8.17327
15.3594325777375   7.85201
15.3603829356973   7.5916
15.361333220897   7.40697
15.3622838140815   7.23643
15.3632345249229   7.24363
15.364185162999   7.13455
15.3651361091961   7.11424
15.3660871731157   7.18926
15.3670381642648   7.18729
15.3679894636712   7.33097
15.3689408808657   7.37691
15.3698922252845   7.39951
15.3708438780971   7.43566
15.3717956487634   7.48299
15.3727475373053   7.59849
15.3736993530645   7.60623
15.3746514773996   7.67063
15.3756035289487   7.80485
15.3765558891646   7.84333
15.3775083673656   8.02579
15.3784609635737   8.19726
15.379413486989   8.39473
15.3803663192533   8.5828
15.3813192695904   8.77516
15.3822721471296   9.03907
15.3832253336547   9.23634
15.3841786383184   9.3912
15.3851318701791   9.6243
15.3860854111625   9.89318
15.3870390703505   10.0888
15.3879926567303   10.39
15.3889465523698   10.6693
15.3898992287051   10.9122
15.3908545073767   11.115
15.3918087578701   11.3328
15.3927631267002   11.6743
15.3937174227119   11.9647
15.3946708810537   12.3179
15.3956267522056   12.5991
15.3965814033303   13.0512
15.3975363641261   13.4606
15.3984914433906   13.7353
15.3994453019112   14.0642
15.4004017660709   14.4332
15.4013572008502   14.7881
15.4023125627959   15.2388
15.4032682346873   15.6612
15.404222876552   16.0409
15.4051797428337   16.3276
15.4061357705708   16.4485
15.4070919169753   16.4261
15.4080481820692   16.0321
15.409003224977   15.8064
15.4099608768331   15.3969
15.4109174981041   15.2839
15.4118740465248   15.4208
15.4128309053498   15.5596
15.4137865412668   15.5441
15.4147447877888   15.6497
15.4157020031227   15.753
15.4166591455981   15.7045
15.4176165987074   15.5043
15.4185730199807   14.9814
15.4195318617467   14.3057
15.4204894798785   13.6472
15.4214474088283   12.8132
15.4224054567996   12.3558
15.4233622804167   11.9645
15.4243217179575   11.7521
15.4252801231026   11.7118
15.4262384553723   11.7516
15.4271959466799   11.8159
15.4281545170221   11.5263
15.4291145508932   11.2697
15.4300735517639   11.1384
15.4310326718559   10.888
15.4319905662903   10.8238
15.4329499247245   10.939
15.4339105555059   10.7504
15.4348699604814   10.8945
15.4358296769659   10.8926
15.4367883593159   10.8276
15.4377481221167   10.788
15.4387093503415   10.7285
15.439669544355   10.7233
15.4406296654684   10.9391
15.4415889441612   11.0209
15.4425494964057   11.1297
15.4435111302395   11.3279
15.4444719216476   11.4117
15.4454328326111   11.4068
15.4463925157396   11.372
15.4473536657132   11.2596
15.4483160905217   11.1077
15.4492774799061   11.0073
15.4502387963741   10.9454
15.4511992694468   10.7812
15.4521608251001   10.621
15.4531238490266   10.5789
15.4540858369217   10.468
15.4550479445955   10.2264
15.4560088229796   10.0742
15.4569711701101   9.88286
15.4579347937383   9.46567
15.4588971879278   9.32205
15.4598598947833   9.07877
15.4608026654553   8.77032
15.4617843181567   8.36099
15.4627485420227   7.99677
15.4637117286411   7.77834
15.4646736846582   7.52228
15.4656182003489   7.59273
15.466581744518   7.45113
15.4675652893353   7.29122
15.4685290761437   7.23024
15.469491824685   7.15387
15.4704369290278   7.09418
15.4714008806341   7.06604
15.4723651455094   7.02974
15.4733295305891   7.12437
15.4743127747219   7.16564
15.4752584682438   7.15883
15.4762232140472   7.20748
15.4771878868892   7.30267
15.4781528732796   7.21915
15.4791179800093   7.22727
15.4800830137727   7.21596
15.4810483612244   7.24344
15.4820138290829   7.30503
15.4829792239703   7.40337
15.4839449326859   7.49956
15.4849107618759   7.58138
15.4858765180901   7.56785
15.4868425882725   7.62052
15.487808778997   7.65365
15.4887748967408   7.77062
15.4897413285929   7.75468
15.4907078810549   7.94879
15.4916745541491   8.00978
15.4926411542564   8.1553
15.493608068659   8.3103
15.4945749100714   8.61869
15.4955420658726   8.84967
15.4965093424192   9.12034
15.4974765459709   9.34942
15.4984440640517   9.87106
15.4994117029458   10.1672
15.5003794626756   10.3983
15.5013471494043   10.7146
15.5023151508494   10.7946
15.5032832731983   11.1891
15.5042513225413   11.5374
15.5052196867413   11.8185
15.5061881719131   12.2184
15.5071554200447   12.4461
15.5081253112332   12.7608
15.5090941594318   13.0584
15.5100629346152   13.3761
15.5110320249371   13.5695
15.5120000716098   13.9416
15.5129703747765   14.2192
15.5139398284657   14.4522
15.5149094033307   14.4481
15.5158789051711   14.2513
15.5168475569468   13.9004
15.5178186609367   13.597
15.5187885264123   13.2904
15.5197587074493   13.1698
15.5207290097985   13.1689
15.5216980729001   12.9493
15.5226697841317   12.8881
15.5236404505302   12.804
15.5246110438901   12.798
15.5255819530937   12.585
15.526551816803   12.4572
15.5275239413557   12.2051
15.5284952149501   11.9503
15.5294666100619   11.5463
15.5304381267137   11.3638
15.5314084026428   11.388
15.5323813300924   11.3148
15.5333532114771   11.4624
15.5343250198079   11.5171
15.5352971444539   11.7616
15.5362680276386   12.1415
15.5372415640414   12.6405
15.5382140537627   13.0802
15.5391866652296   13.6329
15.5401592036333   14.2565
15.5411308894999   14.671
15.5421050354522   15.1275
15.543077939201   15.3286
15.5440511596902   15.3185
15.5450233323407   15.0756
15.5459966014941   14.6692
15.5469713575441   14.2147
15.5479450656777   13.5873
15.5489187007345   12.931
15.5498914823614   12.5855
15.5508655563161   12.3418
15.5518407279371   12.0793
15.5528150461235   12.0562
15.553789486399   12.0553
15.554762682401   11.9462
15.5557373667525   11.6639
15.5567133447431   11.4535
15.5576880783089   11.0133
15.5586631293256   10.8143
15.5596371306473   10.4102
15.560612230649   10.1176
15.5615888204596   9.75202
15.5625643604973   9.34924
15.5635398274356   8.82159
15.5645144394529   8.36811
15.5654903463447   8.06947
15.5664673530834   7.71061
15.5674435048965   7.58197
15.5684197791437   7.37724
15.5693948068903   7.35311
15.5703713259027   7.32335
15.5713491411048   7.25616
15.5723259052937   7.34546
15.5733025963682   7.31353
15.5742784315255   7.29633
15.5752555632593   7.43673
15.5762337962973   7.3633
15.5772111734137   7.29945
15.5781886731946   7.44689
15.5791649249871   7.29753
15.5801426699944   7.29777
15.5811217128958   7.13447
15.5820995076568   7.18012
15.5830764456026   7.15922
15.5840546816593   7.14123
15.585032844584   6.97422
15.58601250219   6.98334
15.5869911069181   7.03657
15.5879684623163   7.12457
15.5889473126867   7.24392
15.5899262859992   7.31538
15.5909063628074   7.42217
15.5918855821966   7.65267
15.592863747665   7.79348
15.5938430167726   7.8903
15.5948226050935   8.04244
15.5958034938714   8.22387
15.5967831322716   8.5099
15.5977619123567   8.70869
15.5987419931165   8.81462
15.5997220007222   8.85369
15.6007035059442   9.06341
15.6016839564188   9.19706
15.6026631553228   9.29196
15.603643852135   9.54008
15.6046246722373   9.77438
15.6056067945095   9.94714
15.606587664909   10.0598
15.6075676759915   10.2314
15.6085487929117   10.3559
15.6095302297637   10.5581
15.6105129696434   10.8401
15.6114946535264   11.0657
15.6124750843418   11.231
15.6134570150275   11.5585
15.6144390692359   12.0131
15.6154222306072   12.5411
15.616404532055   12.9558
15.6173857764586   13.425
15.6183681281692   13.6356
15.619350800292   13.7605
15.6203347771604   13.4811
15.6213163186774   13.2874
15.6222993618338   13.3342
15.623282528723   13.2207
15.6242656224221   13.1204
15.6252502186484   13.0299
15.6262325750252   12.9313
15.6272160400339   12.7244
15.628199825888   12.3772
15.6291837356153   11.9319
15.6301689518093   11.6465
15.6311517296626   11.199
15.6321360111246   11.0292
15.6331202193837   10.9284
15.6341047487777   11.0482
15.6350905855003   10.9423
15.6360739823855   11.0144
15.6370588838655   11.1287
15.6380439094293   11.0961
15.6390288617818   11.1892
15.6400153196195   11.2713
15.6409995334899   11.3215
15.6419850555987   11.5406
15.6429705044907   11.5905
15.6439562750004   11.9627
15.6449433545653   11.915
15.645927991295   11.9749
15.6469141345946   11.7896
15.6479002046703   11.6957
15.6488865966058   11.7848
15.6498742984609   11.7447
15.6508595559798   11.7981
15.6518463210577   11.6798
15.6528332105718   11.5239
15.6538202245457   11.3961
15.6548083515877   11.2388
15.655794428225   11.1715
15.6567818156944   11.017
15.657769129926   10.7995
15.658756766502   10.66
15.659744527679   10.4282
15.6607322156141   10.0411
15.6617202260391   9.92092
15.6627083611359   9.66289
15.6636964229866   9.55166
15.664684807473   9.29254
15.665673316702   9.33099
15.6666617526808   9.18884
15.667650511441   8.98241
15.6686393950147   8.99636
15.669628205334   8.90086
15.6706173385806   8.95456
15.6716065967117   8.93542
15.6725957815844   9.12726
15.6735852895302   9.32499
15.6745749224315   9.40214
15.6755644820703   9.61584
15.6765543649284   9.83508
15.6775443728129   10.0013
15.6785343074308   10.1308
15.6795245654142   10.0964
15.6805149484951   10.1889
15.6815052583053   10.0849
15.6824958916274   10.1414
15.683486650118   9.97331
15.684477533801   9.88558
15.6854683442079   9.95973
15.6864594783218   9.9991
15.6874505391569   10.0228
15.6884419237965   10.0754
15.6894334337472   10.2156
15.6904250690328   10.2109
15.6914166310342   10.3321
15.6924085170356   10.4573
15.6934005284432   10.6242
15.6943924665626   10.6948
15.6953847288287   10.8108
15.6963771165723   10.9236
15.6973694310237   10.8457
15.6983608768568   11.0123
15.6993548340624   11.0331
15.70034752506   11.248
15.701340540498   11.2884
15.7023336815564   11.427
15.7033255556482   11.4107
15.7043201416602   11.356
15.7053136596978   11.2951
15.7063071044311   11.3131
15.7073008738989   11.1709
15.7082935747084   11.3134
15.7092885910534   11.3574
15.7102827378582   11.7018
15.7112770104981   12.1135
15.712271209826   12.496
15.7132645390048   12.7683
15.7142603844463   12.9808
15.7152551606406   13.3095
15.7162498635176   13.8998
15.71724489162   14.3496
15.7182386504678   14.7676
15.7192351265086   15.285
15.7202305326652   15.7782
15.7212258654978   15.9949
15.7222215238018   15.9066
15.7232161115357   16.0606
15.7242132188004   16.0634
15.7252090560437   15.9481
15.7262052189553   15.9492
15.7272015080849   15.737
15.7281965264311   15.502
15.7291942654943   15.1298
15.7301909333971   14.7305
15.731187527963   14.3581
15.7321844484928   14.1904
15.7331800974737   14.2956
15.734178468936   14.1696
15.7351757685991   14.255
15.7361731946964   14.2923
15.737169348632   14.2592
15.7381670274927   14.2487
15.7391660319809   14.249
15.7401637641516   14.1459
15.7411618227304   14.2252
15.7421588083103   14.1842
15.7431569199634   14.447
15.7441565580545   14.6504
15.7451551230669   14.7954
15.7461536147232   14.9549
15.7471512327458   14.9409
15.7481501776778   14.8274
15.7491502498929   14.4341
15.7501494484705   14.2392
15.7511487738437   13.9491
15.752146824753   13.4081
15.7531464036119   12.8697
15.7541473107437   12.4069
15.7551471435152   11.761
15.7561469029178   11.3546
15.757145787658   10.8537
15.7581458007369   10.7089
15.7591473432828   10.6384
15.7601478108266   10.5185
15.7611484054075   10.4371
15.7621477239864   10.5789
15.7631485725361   10.7243
15.7641507511269   10.8635
15.7651516535591   11.181
15.7661528836381   11.3154
15.7671530375099   11.309
15.7681543212347   11.3971
15.7691571364509   11.449
15.7701588753796   11.4792
15.7711605409209   11.3597
15.772161330253   11.2397
15.7731634509143   10.9646
15.7741667026448   10.7793
15.7751690781623   10.6279
15.7761715810806   10.4447
15.7771728056843   10.4688
15.7781755632984   10.4337
15.779179653612   10.2953
15.7801824654543   10.2616
15.7811844001574   10.2682
15.7821876677863   10.3594
15.7831908620129   10.4005
15.7841955907748   10.5392
15.7851992413172   10.3215
15.7862016121545   10.2115
15.7872055178301   10.1475
15.7882095511984   9.93503
15.7892147179165   9.80804
15.790219006871   9.59076
15.7912222165247   9.80743
15.7922265596782   9.64395
15.7932312318239   9.73967
15.7942372393358   9.84413
15.7952421673374   9.96556
15.7962458140862   10.0048
15.7972509977083   10.3777
15.7982563092669   10.6494
15.7992627556997   10.9634
15.8002683233329   11.2557
15.8012728103723   11.5429
15.8022784324361   11.807
15.8032843839926   11.9158
15.8042916726975   12.0602
15.8052976790621   12.3016
15.8063028056967   12.4746
15.807309269707   12.6863
15.8083156602848   12.8127
15.8093235904913   12.924
15.8103304392466   13.0784
15.8113360044225   13.1422
15.8123431095316   13.242
15.8133503429443   13.4292
15.8143587135234   13.4552
15.8153662037454   13.683
15.8163726114299   13.8328
15.8173801564315   14.0485
15.8183880316785   13.9641
15.8193972467537   13.9591
15.8204039656272   14.0847
15.8214122262744   14.0858
15.822420615446   14.281
15.8234289311674   14.1506
15.8244387895857   14.1559
15.8254463523026   13.8792
15.8264550537156   13.8886
15.8274640858267   13.7107
15.8284732466097   13.5724
15.8294837490122   13.3959
15.8304917521107   13.4587
15.8315012990316   13.4825
15.8325107724919   13.4804
15.8335205769527   13.5933
15.8345317239297   13.5522
15.8355403700495   13.5813
15.8365505610177   13.375
15.8375608808796   13.4167
15.8385713296599   13.2684
15.8395829194424   13.19
15.8405924116367   13.0374
15.8416032472944   12.946
15.8426140094799   12.8858
15.8436251031708   12.7176
15.8446375411743   12.4026
15.8456474752099   12.2392
15.8466589561487   12.1006
15.8476705662281   11.9615
15.8486821028286   11.854
15.8496951872599   11.6891
15.8507059688618   11.5234
15.8517178930035   11.2644
15.8527301491058   11.178
15.8537425344973   11.0935
15.8547560632018   11.0424
15.8557674904212   10.9605
15.856780263803   11.0155
15.8577929636956   10.899
15.8588059958529   10.588
15.8598191574481   10.1821
15.8608322455507   10.0676
15.8618456660701   9.65901
15.8628592161019   9.44231
15.8638726926378   9.03448
15.8648865017429   8.88406
15.8659004404348   8.86813
15.8669143056274   9.02977
15.8679285035415   9.05039
15.8689428311171   9.1434
15.86995708519   9.3623
15.870971672137   9.83505
15.87198638882   9.87219
15.8730012352639   10.0857
15.8740160082008   10.4141
15.8750311142152   10.3809
15.8760461467203   10.6479
15.8770615124048   10.7449
15.8780770079746   10.8939
15.879092430032   10.779
15.8801081854214   10.6292
15.8811240707711   10.4777
15.8821400861059   10.2803
15.8831560279238   10.1998
15.8841723032777   10.1104
15.8851887086916   10.0001
15.8862050405853   9.85748
15.887221706168   9.85984
15.8882185434975   9.92682
15.88925522408   10.1064
15.8902722801164   10.5128
15.8912894663628   10.68
15.8923065790824   10.7805
15.8933040546306   10.7404
15.8943216290732   10.6767
15.8953591062676   10.73
15.8963769438865   10.7949
15.8973949118654   10.8831
15.8983930262711   11.0452
15.8994110485415   11.1853
15.9004281813449   11.3356
15.9014676798893   11.3776
15.9024862999919   11.5116
15.9034850538433   11.6439
15.9045027079827   11.9111
15.9055215128714   11.9728
15.9065406524197   11.9404
15.9075809503557   11.9246
15.9085803442676   11.7159
15.9095986506213   11.7294
15.910618312735   11.7189
15.9116379013019   11.6666
15.9126590505388   11.9056
15.9136791049911   12.1088
15.9146978598762   12.3606
15.9157181757426   12.3778
15.9167386224453   12.6852
15.9177602220837   12.758
15.9187809306659   12.7024
15.9198005433568   12.6257
15.9208213091374   12.6411
15.9218424103475   12.9822
15.9228648698207   13.2539
15.9238862331886   13.4157
15.9249062954056   13.7127
15.9259279206909   13.8487
15.9269496770646   14.3836
15.9279725879378   14.6746
15.9289946066953   15.3261
15.930015323509   15.9711
15.9310376044361   16.5747
15.9320600165778   17.0311
15.9330837888107   17.0831
15.9341062587803   16.9131
15.9351278356821   16.8611
15.9361507729087   16.7107
15.9371736365625   16.3834
15.9381980661103   15.8641
15.9392213975673   15.2473
15.9402434254924   14.6609
15.9412670196243   14.1583
15.9422907452237   13.6081
15.9433156276744   13.5289
15.9443383858285   13.3598
15.9453625059561   13.0847
15.946386552502   12.905
15.9474109357664   12.7358
15.9484366818711   12.6013
15.9494598919497   12.3926
15.9504846701226   12.3428
15.9515095799913   12.1031
15.9525344162722   11.7954
15.953560821594   11.4935
15.9545848946639   11.2817
15.9556101261549   11.086
15.9566356948303   11.1374
15.9576613953538   11.1205
15.958688460555   11.0827
15.9597129865533   11.0187
15.9607390827475   10.9654
15.9617651053449   10.9538
15.9627914654378   10.9707
15.9638191911283   10.9548
15.9648443760255   10.9384
15.9658711321707   10.8741
15.9668980203931   10.6128
15.9679250407182   10.5572
15.9689532218302   10.3675
15.9699792720203   10.546
15.97100668878   10.558
15.9720340319332   10.6671
15.9730617131013   10.8235
15.97409076171   10.9186
15.9751172663396   10.9481
15.976145344325   10.9158
15.9771735546428   11.0173
15.9782016913483   11.1333
15.9792314023608   10.8184
15.9802587738225   11.1721
15.981287307649   11.093
15.9823161799588   11.037
15.9833451847544   11.2868
15.984374115932   11.329
15.9854033857493   11.2089
15.9864327881292   11.1427
15.9874621168882   11.0235
15.9884917844434   11.0014
15.989521584638   10.8287
15.9905513112089   10.7713
15.9915813767326   10.5198
15.9926115749725   10.3398
15.993641699586   10.2862
15.9946721633089   9.98991
15.9957027598251   9.9444
15.996733282712   9.8301
15.9977641448651   9.82944
15.9987951398884   9.84371
15.9998262678078   9.77593
16.0008573220942   9.94481
16.0018887158559   9.86282
16.0029200359829   10.0019
16.0039516956899   9.90622
16.0049834884214   9.7977
16.0060154142032   9.68318
16.0070472663465   9.78577
16.0080794582794   10.0043
16.0091117833397   9.93444
16.0101440347587   9.90356
16.0111766261246   9.8339
16.0122093506952   9.86675
16.0132420016219   9.65065
16.0142749926527   9.81598
16.0153081169656   9.97907
16.0163411676318   9.98336
16.0173745585596   10.2143
16.0184080828469   10.3043
16.0194415334848   10.2941
16.0204753245419   10.387
16.021509249036   10.4825
16.0225430998779   10.6674
16.0235772912967   10.9329
16.0246103732198   11.159
16.0256458675085   11.4154
16.0266804595216   11.4739
16.0277151851268   11.9133
16.0287498370746   12.1155
16.029783586102   12.4266
16.0308199564248   12.5164
16.0318550092747   12.883
16.032890403175   13.0488
16.0339259308228   13.2724
16.0349601401916   13.4952
16.0359971800015   13.7225
16.0370331090203   13.9174
16.0380689643738   14.2117
16.0391051610941   14.3683
16.0401402462967   14.4561
16.0411779562696   14.3862
16.042214347153   14.306
16.0432510796143   14.1528
16.0442879460825   14.0731
16.0453234926537   13.9832
16.0463618734124   13.831
16.0473991420303   13.6844
16.0484363369743   13.4761
16.0494738738131   13.2061
16.0505100899448   13.0818
16.05154914214   13.1951
16.0525870815186   13.2564
16.0536251551383   13.0346
16.0546631550789   12.9583
16.0557002493937   12.437
16.0567399737037   12.1345
16.057778376494   12.0163
16.0588171216556   11.8586
16.0598560012144   11.6869
16.0608935584437   11.3642
16.061933955494   11.1535
16.0629732383744   10.917
16.0640124475682   10.5776
16.0650507501594   10.5692
16.0660904364346   10.6425
16.0671312986361   10.5516
16.0681712542323   10.6949
16.069211344461   10.5773
16.0702501108972   10.6823
16.0712904702801   10.7398
16.0723322147982   10.7018
16.0733728437906   10.7236
16.0744133990881   10.7799
16.0754530466957   10.6993
16.0764938713551   10.8523
16.0775362905754   10.5865
16.0785775935913   10.7167
16.0796188229081   10.6578
16.0806591439907   10.8475
16.0817008515783   10.8558
16.0827439461836   10.9693
16.0837857152038   11.2237
16.0848278279235   11.2777
16.0858688231627   11.42
16.0869109970668   11.4855
16.0879547676866   11.4712
16.0889974207425   11.552
16.0900400000913   11.4816
16.0910816701157   11.2799
16.0921245196127   11.214
16.0931689669043   11.1542
16.0942122959514   11.1842
16.0952557602865   11.0641
16.0962978967533   10.9439
16.0973416315535   10.6891
16.0983867562024   10.6612
16.0994305528181   10.6246
16.1004746939336   10.5905
16.1015177155251   10.5477
16.1025619182074   10.4624
16.1036077208455   10.4603
16.1046524038759   10.5491
16.1056957575661   10.454
16.1067407115356   10.4617
16.1077858011093   10.5967
16.1088322824238   10.6609
16.1098774340692   10.5795
16.1109216743133   10.7319
16.1119670971072   10.6207
16.1130128650434   10.6913
16.114060025668   10.7091
16.1151060653191   10.8627
16.1161507739916   10.7445
16.1171970851098   10.78
16.1182433225   10.988
16.1192911630962   11.1433
16.1203378820352   11.4723
16.1213834788535   11.7009
16.122430259846   11.7851
16.1234773865174   11.8366
16.1245259077751   12.1181
16.1255730969041   12.4557
16.1266193729873   12.9049
16.1276668340582   13.0025
16.1287146410769   13.1251
16.1297638436322   13.1867
16.1308119231608   13.3101
16.1318586692478   13.0317
16.132907021038   13.2169
16.1339555090944   13.2037
16.1350051836063   13.034
16.1360539444112   12.7939
16.137101581039   12.7532
16.1381504042838   12.5228
16.1391995740149   12.3603
16.1402501411863   12.1901
16.1412993737628   12.1842
16.1423476916445   12.0182
16.1433974072105   11.742
16.14444704903   11.5824
16.1454982994945   10.9491
16.1465471628743   10.7776
16.1475972143407   10.6949
16.1486476127789   10.718
16.1496981478825   10.6532
16.1507500823342   10.6923
16.1517994177225   11.1372
16.1528503629549   11.3993
16.1539012344346   11.7282
16.1549524532104   12.0271
16.1560050722896   12.0369
16.1570550906584   12.2094
16.1581067199635   12.2208
16.1591584861743   12.0461
16.1602101786282   11.9985
16.1612634830035   11.9615
16.1623143957639   11.6253
16.1633667098373   11.2089
16.1644189501511   10.8144
16.1654715383027   10.5953
16.1665255286711   10.4982
16.1675769150301   10.3852
16.1686299145134   10.5032
16.1696828402337   10.4211
16.170736114063   10.3757
16.1717907910673   9.71605
16.1728430734292   9.73974
16.1738965479735   9.95612
16.174950370844   10.0984
16.1760043310487   10.1269
16.1770594842588   10.1259
16.178112452412   10.1544
16.1791668247531   9.81263
16.1802211233245   9.68816
16.1812757705483   9.72664
16.1823318228664   9.71575
16.1833852662151   9.70486
16.1844403259783   9.63474
16.1854955233177   9.77685
16.1865506468834   9.86465
16.1876061194281   10.0758
16.1886617296298   10.3905
16.1897172660558   10.6361
16.1907731516244   10.7829
16.1918291749307   10.9002
16.1928851244594   10.8793
16.1939414232943   10.9275
16.1949978599478   10.9263
16.1960542228218   10.7526
16.1971109351657   10.717
16.1981677854091   10.7504
16.1992245618711   10.7
16.2002816879668   10.7925
16.2013389520431   10.811
16.2023961423361   10.7754
16.2034536824267   10.8925
16.2045113605789   11.1706
16.2055691768196   11.5152
16.2066269192747   12.0662
16.2076850117461   12.4985
16.2087432423873   12.6044
16.209801399241   12.3361
16.2108599062752   12.2202
16.2119185515603   11.8649
16.2129771230561   11.7736
16.2140360448967   11.7148
16.2150951050696   11.5546
16.2161540914513   11.5783
16.2172134283423   11.4304
16.2182729036469   11.2602
16.2193323051584   10.857
16.2203920573438   10.59
16.2214519480241   10.4298
16.2225117649097   10.1219
16.2235719326337   9.9698
16.2246322389342   9.99869
16.2256924714381   9.652
16.2267530549453   9.61093
16.2278137771104   9.53215
16.2288731505762   9.51276
16.2299354250121   9.41295
16.2309965632866   9.41476
16.232057627761   9.09315
16.2331190435685   9.20636
16.2341793224624   9.19993
16.2352420790241   9.56211
16.2363039113492   9.52288
16.2373658825773   9.81403
16.2384279927356   10.0108
16.2394887525204   10.2088
16.2405524171625   10.4893
16.24161473143   10.8694
16.2426773975262   11.1815
16.243740202689   11.1782
16.2448016566401   11.4164
16.245866017395   11.3582
16.2469292398936   11.5872
16.2479926015681   11.8901
16.2490558894334   12.2565
16.2501182512725   12.4964
16.2511833088517   12.659
16.252247014379   12.8452
16.2533110722869   12.8848
16.2543752695348   12.825
16.2554381138921   12.6585
16.2565038689521   12.5661
16.2575684843561   12.3666
16.2586330259459   12.2693
16.2596979202482   12.0203
16.2607616741387   11.7722
16.2618279140456   11.6427
16.2628932269149   11.4129
16.2639586793708   11.2844
16.2650240580093   11.2065
16.2660885089377   11.1567
16.2671556610445   11.0625
16.2682214585777   11.2068
16.2692876093218   11.2233
16.2703526183907   11.35
16.2714188348977   11.4596
16.2724866865441   11.4312
16.27355339643   11.4358
16.2746200324939   11.4841
16.275685739835   11.5095
16.2767528691908   11.4627
16.2778212073259   11.367
16.2788886167367   11.3964
16.2799561661463   11.2524
16.2810223586234   11.071
16.2820901879168   10.7502
16.2831594407359   10.5974
16.2842275503881   10.633
16.2852955862133   10.6524
16.2863626921887   10.6608
16.2874312221368   10.5838
16.2885009625428   10.6134
16.2895697730976   10.5951
16.2906387239268   10.672
16.2917063161341   10.7591
16.2927755473986   10.6558
16.2938462041498   10.5582
16.294915502109   10.4294
16.2959851546691   10.4162
16.2970536620339   10.451
16.2981233810328   10.9001
16.2991947407732   11.1252
16.3002649552325   11.3722
16.3013350958576   11.4881
16.3024043049385   11.361
16.3034749409368   11.5621
16.3045467899174   11.6683
16.3056177073524   11.6363
16.306688765477   11.6201
16.3077584624394   11.4376
16.3088298018288   11.4045
16.3099025696544   11.1882
16.3109739761474   11.138
16.3120457380792   10.8821
16.3131163526957   10.6303
16.3141881814746   10.4913
16.3152616543699   10.2265
16.316333979864   10.173
16.3174049426685   10.1027
16.3184775499269   10.1087
16.319550298208   10.2628
16.3206242620038   10.2635
16.321697292555   10.2972
16.3227691745161   10.3032
16.3238422721602   10.4034
16.3249157259155   10.4262
16.3259906110654   10.4879
16.3270643473975   10.4996
16.3281367193397   10.5951
16.3292107379924   10.4054
16.3302848979462   10.5065
16.3313602751072   10.4936
16.3324347178885   10.3228
16.3335077954286   10.3371
16.3345825208091   10.3911
16.3356573876303   10.0842
16.3367336878236   10.0561
16.3378086224341   10.0793
16.3388826216427   10.4535
16.3399580544772   10.4878
16.3410334134614   10.7452
16.3421104222103   10.6502
16.3431862800114   10.916
16.3442607708665   11.1242
16.3453157885285   11.1227
16.3464131945045   11.0866
16.3474906969363   11.3459
16.3485672632817   11.4364
16.349642677485   11.632
16.3506983900851   11.6707
16.3517751632581   11.9242
16.3528522940044   12.1903
16.3539517910894   12.1193
16.3550279138248   12.1586
16.356084322022   12.1854
16.357162020571   12.2924
16.3582396452634   12.5289
16.3593189233462   12.5193
16.3604166989058   12.4727
16.3614738033877   12.2901
16.3625522123005   12.0209
16.3636307633817   11.8625
16.3647094566594   11.5741
16.365788076078   11.6255
16.3668670538047   11.5222
16.3679459576715   11.4108
16.3690252199596   11.5492
16.370104624585   11.2061
16.3711841715758   11.0489
16.3722636447052   10.8189
16.3733434764827   10.602
16.37442345071   10.5998
16.375503351075   10.6083
16.3765836102582   10.7143
16.3776640119758   10.9291
16.3787443398301   11.0476
16.3798250266728   11.0876
16.3809058561346   11.1216
16.3819866117319   11.2252
16.3830677264881   11.2366
16.3841489839482   11.0338
16.3852301675428   11.0074
16.3863117104667   10.9502
16.3873933961793   10.9345
16.3884750080254   10.8095
16.3895569793715   10.8497
16.390639093591   10.8219
16.3917211339432   10.8505
16.392803533966   10.9128
16.3938860769472   10.9018
16.39496854606   10.9637
16.3960513750144   10.8796
16.3971343470121   11.0682
16.3982172451406   11.0609
16.3993005032815   11.3522
16.4003839045509   11.2272
16.4014672319501   11.6386
16.4025509195328   11.8538
16.4036347503291   12.2298
16.4047187243674   12.3902
16.4058026245342   12.7359
16.4068855820901   13.0951
16.4079712890188   13.0416
16.4090556190523   13.0248
16.4101403096691   12.5969
16.411224926413   12.4509
16.4123085999701   12.2796
16.4133950247652   12.1672
16.4144800718022   12.3069
16.4155654797083   12.5973
16.4166510311691   12.2984
16.4177352040087   12.3459
16.4188223473824   12.2214
16.4199083296496   12.515
16.4209944555855   12.9359
16.4220805076458   13.3118
16.4231656153659   13.6422
16.4242534780602   14.0293
16.4253399612681   14.1097
16.4264268059178   14.4887
16.4275137944073   14.6803
16.4285994025455   14.5013
16.4296879852458   14.2506
16.4307754053975   14.0965
16.4318627516712   13.8839
16.432950459731   13.5574
16.434037004463   14.6834
16.4351260899944   14.6962
16.4362142301451   14.6173
16.437302514393   14.3829
16.4383907247613   14.2303
16.4394779890556   13.8495
16.4405680139426   13.6371
16.4416566567446   13.8477
16.4427456618499   13.5199
16.4438348112242   13.1492
16.444922577646   12.749
16.446013324687   12.4081
16.4471029070115   12.221
16.4481924154543   11.7514
16.4492809767805   11.61
16.4503709921397   11.3152
16.4514624620815   11.2084
16.4525525482016   11.1134
16.4536429972011   11.0557
16.454732061684   11.2024
16.4558227996216   11.4747
16.4569149931541   11.4504
16.4580060205213   11.5114
16.4590969740047   11.5198
16.460186979211   11.5216
16.461278221862   11.4842
16.4623711397049   11.3358
16.4634628906572   11.2856
16.4645547864246   11.3135
16.4656452959341   11.205
16.4667374812148   11.0384
16.467831124118   10.9755
16.4689233805887   10.9194
16.4700160008053   11.0522
16.4711074527664   11.0413
16.4722001439107   10.9908
16.4732945125668   10.7683
16.4743877128797   10.5849
16.4754808393058   10.6203
16.4765730157101   10.3016
16.4776666512165   10.4867
16.4787615273   10.2744
16.4798554533611   10.0098
16.4809495246702   10.1163
16.4820422071037   10.1881
16.4831365687919   10.2232
16.4842323911521   10.6503
16.4853270437135   10.8849
16.4864216223865   11.0581
16.4875152498719   11.1297
16.4886101191551   11.2625
16.4897066694392   11.2092
16.4908020491957   11.3435
16.4918960385024   11.4674
16.4929917091592   11.654
16.4940875254115   11.8289
16.4951848043742   12.0294
16.4962806925365   12.0238
16.4973756284601   12.1939
16.498472027356   12.138
16.4995683523619   12.0439
16.5006663607005   12.0695
16.5017631970521   12.1837
16.5028586412016   12.2285
16.5039557690339   12.2415
16.5050528229753   12.3741
16.5061515614174   12.6891
16.5072491271417   12.8789
16.5083455196512   13.1605
16.5094431572822   13.3038
16.5105411608098   13.3297
16.5116406301131   13.1279
16.5127387059853   12.8783
16.5138358278633   12.4709
16.51493441578   12.1134
16.5160329298047   11.7916
16.5171331306693   11.6583
16.5182321573525   11.8014
16.5193297891989   11.7322
16.5204291082364   11.8603
16.5215285735974   11.8925
16.5226292865377   12.0324
16.5237290447799   12.1213
16.5248276276093   12.1728
16.5259274581937   12.492
16.5270276555517   12.4051
16.5281293217606   12.5331
16.5292298123217   12.8338
16.5303289062853   13.2228
16.5314296897851   13.531
16.5325303993913   13.5513
16.5336327993556   13.9171
16.534732699529   14.4155
16.5358338490414   14.5185
16.5369353658552   14.691
16.5380370294314   14.8246
16.5391401639139   15.1162
16.5402405762736   15.1791
16.541342680284   15.3934
16.5424449311742   15.8445
16.5435471081703   16.1081
16.5446509778758   16.2213
16.5457523445555   16.1519
16.5468549623378   15.8081
16.5479579480091   15.8353
16.5490610807365   15.5874
16.5501654654499   15.2201
16.5512675664681   14.6604
16.552371140511   14.0652
16.5534746406594   13.8637
16.55457850905   13.5355
16.555683851438   13.292
16.556786466402   13.1459
16.5578907765497   13.0811
16.5589952340186   12.6962
16.5600996175926   12.5638
16.5612056974125   12.3733
16.5623092693422   12.2273
16.5634140950269   12.2728
16.5645192894848   12.0942
16.5656246314407   11.9314
16.5667312280376   11.6967
16.5678355365129   11.5329
16.5689413211108   11.2684
16.5700470318138   10.8661
16.5711531116443   10.6886
16.5722606685732   10.9427
16.5733654927611   11.6269
16.5744720156771   11.7165
16.5755786863571   11.5244
16.576685504831   11.5713
16.5777922494097   11.3726
16.5788993635303   11.5903
16.5800066255335   11.6293
16.5811138136416   11.4757
16.5822213714693   11.6549
16.5833288554019   11.568
16.5844367091726   11.5476
16.5855447109741   11.8063
16.5866528608361   11.9101
16.5877609368032   12.1919
16.5888693828456   12.4528
16.5899779770376   12.6094
16.5910864973346   12.7782
16.5921953878851   13.1526
16.5933044266744   13.2018
16.5944133915687   13.3476
16.5955227268948   13.712
16.5966322105488   13.8696
16.597741620308   14.1678
16.5988514006773   14.3801
16.5999613294637   14.2114
16.6010711843555   14.4488
16.6021814100358   14.7448
16.6032917842227   14.765
16.604402084515   15.1501
16.6055127557745   15.9938
16.6066235756299   15.8346
16.607734321591   15.4999
16.608845438698   15.1427
16.6099567044903   14.9459
16.6110678963885   14.7991
16.6121794596114   14.6881
16.6132911716092   14.4282
16.6144028097131   14.1294
16.6155148193207   13.9815
16.6166269777929   13.9538
16.6177390623713   13.8874
16.6188515186325   13.8887
16.6199641238481   13.9433
16.6210753179036   14.2416
16.6221895583541   14.1596
16.6233026105822   14.1697
16.6244158118843   14.1825
16.6255289392931   14.2791
16.626641100641   14.2917
16.6277558644203   14.4034
16.6288696622583   14.3016
16.6299836093201   14.4588
16.6310977056357   14.4255
16.6322103889998   14.3694
16.633326122942   14.4394
16.6344406671692   14.3991
16.635555137504   14.4563
16.6366699804791   14.5946
16.6377836329316   14.6937
16.6388998914049   14.6575
16.6400151827419   14.7389
16.641130623603   14.6795
16.6422459905724   14.6272
16.6433603896872   14.6328
16.6444776201258   14.5002
16.6455934358183   14.5126
16.6467096246911   14.682
16.6478259632686   14.8562
16.6489408862009   14.8723
16.6500588660021   14.9506
16.6511756538441   14.8694
16.6522923677956   14.8306
16.6534094552881   14.7777
16.6545253500116   14.6466
16.6556438561537   14.6219
16.656761393363   14.6541
16.6578790805483   14.4281
16.6589969177398   14.3608
16.6601133374861   14.3781
16.661232818306   14.4963
16.6623508816811   14.3237
16.6634693191391   14.4554
16.6645865624773   14.4995
16.6657050760234   14.3538
16.6668253084714   14.4481
16.6679443467098   14.3572
16.6690635352265   14.1464
16.6701813046751   14.158
16.6713007936283   14.0872
16.6724217784918   14.1132
16.6735413441072   14.1705
16.6746612844091   14.1284
16.6764057570472   13.7481
16.6775164332464   13.9314
16.6786272574013   13.9447
16.679740922987   13.9651
16.6808520435007   14.0477
16.6819633120587   14.1513
16.6830747286907   14.1706
16.6841876408674   14.3172
16.6853007015366   14.5364
16.6864125629274   14.6524
16.6875245725107   14.9135
16.6886380784761   15.1404
16.689750384713   15.4638
16.690864187751   15.7969
16.6919767907602   16.1316
16.6930908909897   16.3864
16.6942037908901   16.5792
16.6953168391905   16.6964
16.69643273476   16.6749
16.6975460803098   16.6943
16.6986595743489   16.7544
16.6997732169071   16.7411
16.700888358154   16.7931
16.7020036483398   16.8288
16.7031177369937   17.0771
16.7042319742856   17.3172
16.7053477111063   17.4669
16.7064622459438   17.7188
16.7075782807304   17.9387
16.7086944646349   18.1921
16.7098094461044   18.405
16.7109245763906   18.503
16.7120398555233   18.5516
16.7131579877811   18.4431
16.7142735650573   18.4322
16.7153892912696   18.2326
16.7165051664476   18.1628
16.7176225434684   18.0739
16.7187400698763   17.9196
16.7198563924924   17.8064
16.7209728641938   17.6222
16.7220908385807   17.4249
16.7232076087232   17.2967
16.7243258819728   17.2378
16.7254443047893   17.1963
16.7265615229082   17.068
16.7276788902919   17.0699
16.7287964069703   17.0544
16.7299167826481   17.1083
16.7310345983677   17.1883
16.7321525634719   17.2509
16.7332706779906   17.3743
16.7343902975158   17.5065
16.7355100668781   17.6299
16.7366286301825   17.8577
16.7377473430213   18.0073
16.7388675617121   18.3052
16.7399865738911   18.4903
16.7411070923451   18.6316
16.7422277608166   18.7205
16.7433472223219   18.8783
16.7444668335418   18.9408
16.7455865945063   19.072
16.7467092203626   19.3059
16.7478292812696   19.6338
16.7489494920116   19.8835
16.7500698526184   20.2611
16.7511917214058   20.5778
16.752313740482   20.7568
16.7534345512276   20.8499
16.7545555119587   20.8659
16.7556779817183   20.8818
16.7567992426922   20.9827
16.7579220131191   20.9728
16.7590449340159   21.0138
16.7601666456715   20.9882
16.7612885074932   21.1534
16.7624105195114   21.2936
16.7635354023319   21.3828
16.7646577151976   21.5235
16.7657801783503   21.5952
16.7669027918201   21.7451
16.7680269166544   21.8518
16.7691511922311   21.9937
16.7702742571983   21.9328
16.7713974726036   21.9592
16.7725222002241   21.9851
16.7736457167786   21.8938
16.7747707459741   22.0887
16.7758959260938   22.3297
16.7770198946907   22.5899
16.7781440139073   22.9517
16.7792682837738   23.4804
16.7803954303717   24.0288
16.7815200019944   24.7667
16.7826447243581   25.4156
16.783769597493   25.9285
16.7848959851863   26.3323
16.7860225240774   26.7005
16.7871478500736   26.8279
16.7882733269625   27.0023
16.7894003192633   27.1398
16.7905260982115   27.3339
16.7916533929986   27.5766
16.7927808391662   27.9058
16.7939070715229   28.1878
16.7950334549546   28.5353
16.7961599894917   28.8357
16.7972894067074   29.1359
16.798416243913   29.5577
16.7995432323152   29.923
16.8006703719446   30.1945
16.8017990293365   30.5594
16.8029278383834   30.8212
16.8040554322437   31.1389
16.805183177453   31.3255
16.806312441281   31.6285
16.8074404894632   31.873
16.8085700566926   31.9681
16.8096997757604   31.8382
16.810828278723   31.7359
16.8119569332177   31.6145
16.8130857392749   31.4551
16.8142174339766   31.2387
16.8153465436183   31.0121
16.8164758049143   30.7661
16.8176052178951   30.6793
16.8187361518528   30.7281
16.8198672379246   30.7863
16.8209971065114   30.8825
16.8221271269055   31.0361
16.8232586691353   31.0659
16.8243889934197   31.2775
16.8255208399696   31.408
16.8266528388177   31.5847
16.8277836192597   31.704
16.8289145516928   31.8139
16.8300456361476   31.9239
16.831179615231   32.0925
16.8323110041898   32.2042
16.8334425452624   32.4239
16.8345742384795   32.6433
16.8357074558978   32.9205
16.8368408258912   32.994
16.8379729760949   33.2414
16.8391052785658   33.3919
16.8402391060997   33.5487
16.8413717133821   33.548
16.8425058461585   33.5469
16.8436401316949   33.6125
16.8447731965177   33.6489
16.8459064137924   33.6274
16.8470397835497   33.7342
16.8481760539386   33.8636
16.8493097291234   34.0689
16.8504435568833   34.3401
16.851577537249   34.5254
16.8527130450508   34.7198
16.8538487058905   34.9042
16.854983144629   34.9464
16.8561177360968   34.9695
16.857253855865   34.8698
16.8583887530691   34.8645
16.8595251790059   34.8309
16.8606617581664   34.8255
16.8617971142993   34.8201
16.8629326233468   34.7395
16.8640682853397   34.5558
16.8652068539857   34.5504
16.8663428223333   34.5825
16.867478943719   34.5369
16.868615218174   34.5965
16.86975302331   34.6373
16.8708909819486   34.6498
16.8720277161681   34.6527
16.8731646035808   34.6553
16.8743030225415   34.4495
16.875440216619   34.193
16.8765789426784   33.8776
16.8777178224267   33.5901
16.8788554768271   33.454
16.8799932846066   33.451
16.8811312457962   33.362
16.8822721196792   33.416
16.8834103881544   33.3841
16.8845488101328   33.3137
16.8856873856456   33.3005
16.8868274950947   33.1843
16.887967758513   33.0205
16.8891067951878   32.876
16.8902459855214   32.6935
16.8913867106612   32.5111
16.8925262085919   32.4149
16.8936672417641   32.2328
16.8948084290925   32.1463
16.8959483887458   32.1362
16.8970885022448   32.0403
16.8982287696204   31.8684
16.8993719557486   31.7822
16.9005125313443   31.6771
16.9016532609104   31.4894
16.9027941444779   31.4442
16.9039365652474   31.361
16.9050791404545   31.2967
16.9062204865871   31.1848
16.907361986846   31.0252
16.9085050251797   30.9035
16.9096468339719   30.8484
16.9107901812753   30.9172
16.9119336832043   31.0241
16.9130759551246   31.255
16.9142183813587   31.715
16.915360961938   32.2111
16.9165064673479   32.9016
16.9176493570858   33.7703
16.9187924012628   34.8542
16.9199355999102   36.1238
16.9210803390357   37.6633
16.9222252330692   39.509
16.9233688956906   41.4994
16.9245127129078   43.6944
16.9256580714785   46.0159
16.9268021981689   48.2746
16.9279478666507   49.7817
16.9290936902293   49.7962
16.9302382814587   47.7345
16.9313830274723   44.0465
16.9325279283015   39.1199
16.9336757600583   34.049
16.9348209709883   30.5677
16.9359663368281   28.4897
16.9371118576093   27.2753
16.9382589221551   27.0121
16.9394061420811   27.1133
16.9405521282508   27.5191
16.9416982694876   27.9458
16.9428459553674   28.0666
16.9439924070211   28.2795
16.9451404037571   28.5107
16.9462885560628   28.7233
16.9474354736725   29.0832
16.9485825465385   29.3139
16.9497297746923   29.4709
16.9508799398899   29.6922
16.9520274790906   29.9317
16.9531751736738   30.2319
16.9543230236712   30.4639
16.9554724207303   30.7049
16.9566219736438   30.9088
16.95777029045   31.2135
16.9589187627966   31.1878
16.960068783086   31.2445
16.9612175667972   31.0905
16.9623678988919   31.0557
16.9635183870312   30.9751
16.9646676381209   31.0501
16.9658170449409   31.0976
16.9669666075229   31.0536
16.9681191132841   30.9731
16.969268987863   30.7767
16.970419018299   30.5645
16.9715692046239   30.268
16.9727209413181   30.0065
16.973872834343   29.6877
16.9750234889027   29.4838
16.9761742994782   29.2645
16.9773266613069   28.9415
16.9784777841982   28.8221
16.979630458785   28.6737
16.9807832898934   28.6932
16.9819348815917   28.5257
16.9830866294964   28.2145
16.9842385336393   27.9224
16.9853933871157   27.4717
16.9865456042093   27.087
16.9876979776365   26.8524
16.9888505074291   26.7114
16.9900045909094   26.608
16.9911588311983   26.5792
16.9923118306577   26.5144
16.9934649866101   26.5499
16.9946196971367   26.5201
16.9957731663602   26.5463
16.9969281906017   26.4608
16.9980833718435   26.366
16.9992373113083   26.2713
17.0003914074573   26.0838
17.0015456603226   25.9244
17.0027028686953   25.7278
17.003857435469   25.5779
17.0050121590548   25.4837
17.0061670394847   25.4267
17.0073234769311   25.4809
17.0084800716661   25.5669
17.0096354232004   25.6128
17.0107909317068   25.7326
17.0119479981192   25.9169
17.0131038208561   26.1285
17.0142612019439   26.3583
17.015418740513   26.5877
17.0165750349311   26.6601
17.0177314865134   26.7232
17.0188878616178   26.9333
17.0200476657713   27.0052
17.0212045894199   27.0401
17.0223616703611   27.0912
17.0235189086269   27.0413
17.0246777072487   27.0552
17.0258366636411   27.0325
17.026994374455   27.046
17.028152242722   27.0685
17.0293116722374   27.0453
17.0304698556979   26.966
17.0316296008534   27.0808
17.0327895039728   27.2228
17.0339481605606   27.2833
17.0351069747944   27.3349
17.0362657125549   27.3501
17.0374278865321   27.3383
17.0385871742798   27.3082
17.0397466198025   27.2237
17.0409062231323   27.0122
17.0420673901684   27.0184
17.043228715459   26.9247
17.0443887927865   26.8855
17.04554902805   26.8734
17.0467108279152   26.914
17.0478713793394   26.9774
17.049033495813   26.9861
17.0501957707354   27.0578
17.0513567967387   27.0121
17.052517980872   27.1732
17.0536793231675   27.2438
17.0548436396086   27.4215
17.0560052987092   27.6463
17.057167116069   27.9256
17.0583290917205   28.3916
17.0594926344394   28.6869
17.0606563358987   29.1329
17.0618187870033   29.6221
17.0629813965291   30.2967
17.0641455740203   31.0405
17.0653085006777   32.0394
17.06647299575   33.2252
17.0676376497577   34.4289
17.0688010524521   35.8214
17.0699646137622   37.3813
17.0711283337205   39.0961
17.0722950340763   40.8412
17.0734590718131   42.1369
17.0746232682956   42.7989
17.0757876235563   42.2773
17.0769535492561   39.7692
17.0781196341844   36.9092
17.0792844663595   33.0609
17.080449222075   28.9621
17.0816160198663   25.1273
17.0827813290563   22.2508
17.0839482100373   20.3191
17.0851152504425   19.8129
17.0862810371333   19.9211
17.0874469829276   20.2401
17.0886128522652   20.5331
17.0897821794575   20.5557
17.090948603144   20.6793
17.0921151860644   20.8368
17.0932816925299   21.063
17.0944502442604   21.2649
17.0956187199878   21.5108
17.0967859405567   21.7234
17.0979530846724   21.8672
17.0991222752149   22.0115
17.1002897383518   22.1031
17.1014592484967   22.3008
17.1026286826416   22.3213
17.103796860664   22.5285
17.1049651982798   22.6653
17.1061334594455   22.6599
17.107305185724   22.726
17.1084740027033   22.6668
17.109642979407   22.6345
17.1108118796625   22.6201
17.1119828295441   22.7842
17.1131537034308   22.8053
17.1143233197469   22.9958
17.1154930959513   23.1236
17.1166644502781   23.3136
17.1178345465511   23.4487
17.1190062214003   23.6438
17.1201780566572   23.581
17.1213486333767   23.6954
17.1225193701814   23.5176
17.1236900305431   23.3403
17.1248641632986   23.0663
17.1260353809444   22.8283
17.1272067588068   22.5901
17.1283782969188   22.3579
17.129551415651   22.0913
17.1307246950875   21.9217
17.1318967145344   21.7439
17.1330688943625   21.6188
17.1342426557206   21.5027
17.1354151566045   21.3521
17.1365892394736   21.2388
17.1377634832452   21.2791
17.1389364660574   21.2759
17.1401093724339   21.324
17.1412829134521   21.3716
17.1424592230585   21.41
17.1436328487744   21.4342
17.1448066352014   21.4806
17.1459805823725   21.6208
17.1471561135794   21.8974
17.1483318059866   22.0034
17.1495062359782   22.1263
17.1506805895387   22.3259
17.1518570026625   22.2698
17.1530316782048   22.2307
17.1542084138973   22.1746
17.1553850736166   22.0163
17.1565604699477   21.9091
17.1577357898512   21.785
17.158911745868   21.7546
17.1600904763365   21.9046
17.1612665175569   21.8522
17.1624424823518   21.8253
17.1636188459878   21.9094
17.1647970347844   21.9337
17.1659751476137   22.0523
17.1671519955944   22.051
17.1683287671526   22.1441
17.1695076026809   22.0826
17.1706846972159   22.0898
17.1718638563097   22.1572
17.1730429394405   22.2317
17.1742207567473   22.3679
17.1753984976351   22.5043
17.1765766380882   22.527
17.1777580349243   22.6902
17.178936499114   22.7384
17.1801151250098   22.8216
17.1812936744895   22.8717
17.18247429118   23.0109
17.1836548319138   23.0784
17.1848341053587   23.1274
17.1860133023902   22.7119
17.1871945678128   22.9613
17.1883743271719   22.9752
17.1895556788095   22.9619
17.1907371928462   23.0844
17.1919174386161   23.2159
17.1930978464589   23.2659
17.1942781778925   23.4222
17.1954620110743   23.4188
17.1966429057291   23.4425
17.1978239625904   23.385
17.1990051816917   23.3724
17.2001879951422   23.4046
17.2013709712932   23.4097
17.2025524389635   23.4593
17.2037345464976   23.571
17.2049177717469   23.7948
17.2061002043916   23.9809
17.2072839939576   24.3678
17.2084679464257   24.7555
17.2096506281771   25.1363
17.2108334725034   25.6193
17.2120164794381   26.1236
17.2132025175022   26.6633
17.2143858501487   27.2382
17.2155691063979   27.7796
17.2167530036026   28.2178
17.2179380203381   28.2314
17.2191236786228   27.4266
17.2203075863073   26.6346
17.221492135345   25.4388
17.2226778045748   24.1208
17.2238624403941   22.8527
17.22504867541   21.8258
17.2262353132357   21.0893
17.2274204385181   20.5971
17.2286054874108   20.2787
17.2297911783534   20.0631
17.2309796673893   20.0283
17.2321654455853   19.9873
17.2333511473944   20.083
17.2345372520187   20.2359
17.2357249579237   20.2989
17.2369130672395   20.4396
17.2380994225048   20.4083
17.2392861808523   20.4512
17.2404747812069   20.4774
17.24166162682   20.52
17.2428505547691   20.7134
17.2440394068007   20.9114
17.2452269831947   21.1084
17.2464144832098   21.4328
17.2476023867749   21.7078
17.2487935743849   22.0519
17.2499818057193   22.2691
17.2511702007743   22.3983
17.2523585194543   22.4594
17.2535489231567   22.5464
17.2547392509491   22.7108
17.2559283016221   22.8756
17.2571172759231   23.0065
17.258308336442   23.181
17.259497638757   23.4426
17.2606890278882   23.7314
17.2618803411147   23.9516
17.2630703762323   24.2161
17.2642605754434   24.5254
17.265450698288   24.6779
17.2666443526088   24.6817
17.2678348041417   24.6059
17.269025901025   24.4323
17.2702166809845   24.0653
17.2714095504551   23.9094
17.2726023440289   23.7883
17.2737938580078   23.7644
17.2749869809446   23.7671
17.2761785831628   23.9212
17.2773708314347   23.9953
17.2785642077124   24.0337
17.279758230644   24.0799
17.2809504912029   24.1049
17.2821433982177   24.094
17.2833359879521   24.0295
17.2845321166537   24.0455
17.285725036099   24.142
17.2869183613105   24.2026
17.2881118512966   24.3527
17.2893069530456   24.4759
17.2905024612297   24.7511
17.2916962049514   24.8117
17.2928920435902   25.0957
17.2940861173017   25.2725
17.2952808385776   25.476
17.2964766903704   25.5812
17.2976731903297   25.749
17.2988679244314   25.7916
17.300063065042   25.9391
17.3012583708033   25.9818
17.3024569815877   26.1313
17.303652618187   25.9955
17.3048481784469   25.9845
17.3060441455541   25.7867
17.307241727941   25.6603
17.3084397177786   25.4985
17.3096359396625   25.2659
17.3108342609842   25.1401
17.3120308138861   25.1119
17.3132277740416   25.1015
17.3144265927473   25.0763
17.3156253355901   25.0771
17.3168227928675   24.9281
17.3180201738152   24.7179
17.3192179623557   24.4029
17.3204190629567   24.2816
17.3216171833666   24.2831
17.3228152274504   24.5027
17.3240136793986   24.8861
17.3252139923168   25.1303
17.3264142293812   25.2522
17.327613179381   25.348
17.3288135066339   25.3738
17.3300130310137   25.417
17.3312122368114   25.6011
17.3324135474911   25.9779
17.3336147823229   26.3585
17.3348147290894   26.8027
17.3360148420038   27.1334
17.3372148786032   27.4833
17.3384184767868   27.7629
17.3396188461904   27.9653
17.3408198670095   27.9354
17.3420205689526   28.146
17.3432233785077   28.3204
17.3444258695252   28.5744
17.3456275563722   28.6591
17.3468303808113   28.8678
17.34803240088   29.067
17.3492341018768   29.3012
17.3504376694411   29.5222
17.3516414040071   29.7109
17.3528438480004   29.9063
17.3540464586607   30.0994
17.3552492360224   30.1415
17.356455339587   30.2576
17.3576582078242   30.0864
17.3588617290063   29.924
17.3600649308219   29.4744
17.3612700016406   29.0337
17.362475239774   28.6106
17.3636791858269   28.3094
17.3648847584914   28.2177
17.3660890387401   28.2564
17.3672934860376   28.408
17.3684995606586   28.5684
17.3697060462106   28.7642
17.3709107518611   29.0057
17.3721158681068   29.1061
17.3733211515752   29.2428
17.3745297683517   29.4711
17.3757351432333   29.7885
17.3769409289847   29.969
17.3781468820981   30.334
17.3793544646745   30.7004
17.3805624588004   31.0959
17.3817686709039   31.4257
17.3829770006753   31.641
17.3841835479524   31.8657
17.3853905065803   32.2021
17.3865990960997   32.3904
17.3878080975818   32.5417
17.3890155595741   32.7769
17.3902229452952   33.0216
17.391430742711   33.1363
17.3926416365125   33.2325
17.3938500140168   33.2823
17.3950580712038   33.4439
17.3962665403612   33.4471
17.3974766425563   33.4689
17.3986871573351   33.4347
17.3998961308023   33.3537
17.4011067380237   33.3474
17.4023160477822   33.2661
17.4035252812811   33.1753
17.404736637963   33.1969
17.4059476744395   33.059
17.4071579016257   32.9772
17.4083678081327   32.8202
17.4095781273696   32.6535
17.4107915496331   32.4866
17.4120024505211   32.3853
17.4132130305983   32.265
17.4144240236819   32.0617
17.4156366533898   31.8297
17.4168494519891   31.6354
17.4180609509293   31.4505
17.4192740872127   31.1807
17.420486168331   30.9486
17.4216979284079   30.6126
17.4229118162802   30.3049
17.4241253834544   29.9877
17.4253378948545   29.7365
17.4265505750191   29.4946
17.4277634239833   29.4413
17.4289793826368   29.2748
17.4301925697154   29.2869
17.4314059256996   29.2186
17.4326194506246   29.1691
17.4338346157724   29.1197
17.4350499503415   29.3056
17.4362639827104   29.4065
17.4374796560234   29.6576
17.4386940267969   30.1899
17.4399085667231   30.7354
17.4411247483148   31.6544
17.4423413449877   32.6499
17.4435561475476   33.9345
17.4447713648489   35.2284
17.44598675148   36.4556
17.4472055000684   37.3783
17.4484209802917   37.5401
17.449636875535   36.5079
17.4508529402497   34.3453
17.4520706487974   31.5428
17.4532887730541   28.386
17.4545051010515   25.6937
17.4557235651849   23.9064
17.4569402325814   23.0628
17.4581573154862   22.7915
17.4593760436714   22.7731
17.460595187985   22.6301
17.4618125346061   22.3916
17.4630302970148   22.1612
17.4642482292854   21.8414
17.4654695307335   21.6987
17.466687803281   21.7158
17.46790599963   21.8132
17.4691246121161   21.9465
17.4703448720574   22.0532
17.4715655487571   22.1185
17.4727844256116   22.0859
17.4740054432569   22.0623
17.475224660578   22.0654
17.4764442944563   21.9083
17.4776655772421   22.0537
17.4788870307303   21.7636
17.4801071758895   21.82
17.4813274914095   21.8763
17.482547977326   21.9058
17.4837715930486   22.0751
17.4849926669272   22.1909
17.4862134180115   22.4298
17.4874345862842   22.5536
17.4886574056461   22.5626
17.4898803960328   22.4924
17.4911020765517   22.2994
17.4923254088883   22.0781
17.4935474310147   22.0298
17.4947696238951   22.0068
17.4959934693219   22.0986
17.4972174859887   22.0944
17.4984401917603   22.2526
17.4996630684291   22.3843
17.5008861160311   22.5345
17.5021123001883   22.6943
17.5033356901787   22.7821
17.50455925121   22.8582
17.505782983318   22.8132
17.5070083701614   22.7863
17.5082339285684   22.8587
17.5094581745368   22.9041
17.5106840759715   22.9133
17.5119086646241   23.031
17.5131334245689   23.0673
17.5143598407111   23.1669
17.5155864286332   23.1309
17.516811703086   23.2034
17.518037148975   23.171
17.5192627663362   23.1404
17.5204917746748   23.0918
17.5217174878527   23.0523
17.5229436202623   22.9497
17.5241699242882   22.739
17.5253978867077   22.5105
17.5266260212321   22.3543
17.5278528407394   22.2432
17.529081567268   22.1322
17.5303084826463   22.0573
17.5315358177518   21.9286
17.5327648127176   21.7999
17.5339942280389   21.6535
17.5352218312427   21.5964
17.5364498544571   21.5429
17.537678049685   21.4621
17.538909643204   21.4172
17.5401379348119   21.4082
17.5413666467142   21.2725
17.5425955307747   21.3536
17.5438260768991   21.3443
17.5450567956719   21.3349
17.5462861968415   21.3732
17.5475172608108   21.6702
17.5487470068317   21.813
17.549976925228   21.9745
17.55120850716   22.2835
17.5524405105138   22.6121
17.553670698117   23.0479
17.5549013067963   23.3624
17.5561320880325   23.8622
17.5573660262023   24.2986
17.5585971530798   24.7451
17.5598284526234   25.3596
17.5610599248692   26.0218
17.5622930628615   26.7693
17.5635263740479   27.6116
17.5647583650376   28.4496
17.5659920225119   29.3939
17.5672243594431   30.4236
17.5684568692949   31.4922
17.5696910463697   32.6465
17.5709253968575   33.924
17.5721584261091   35.3343
17.5733916284269   36.9059
17.5746250038476   38.6392
17.5758615430386   40.572
17.577095265194   42.5733
17.5783291605617   44.5571
17.5795632291781   46.4848
17.5807989672356   48.2634
17.5820348790354   50.0992
17.5832694680372   51.9826
17.5845057272208   53.5507
17.5857406632591   54.9612
17.5869757727654   56.0301
17.5882125531942   56.593
17.589449507585   56.3162
17.5906851381354   55.7389
17.5919209423   53.7629
17.5931569201155   50.9928
17.5943963183058   47.0846
17.5956323942089   42.5158
17.5968688936182   39.4011
17.5981055668248   36.1759
17.5993439131797   33.8301
17.6005824338271   31.9498
17.6018196290678   30.5014
17.6030584981996   29.1492
17.6042960415763   28.0537
17.6055337589706   27.2434
17.6067731509994   26.5481
17.6080127175415   26.0701
17.6092509576312   25.6218
17.6104893718854   25.119
17.6117279603411   24.8277
17.6129697263076   24.5257
17.6142086636988   24.2418
17.6154477754017   24.0974
17.6166870614532   23.8688
17.6179280243721   23.7147
17.6191691621363   23.495
17.6204089718772   23.4897
17.6216504592311   23.3745
17.6228906182123   23.2801
17.624130951763   23.2978
17.6253729636725   23.3249
17.6266151506491   23.4832
17.6278560085535   23.5854
17.6290970411751   23.9224
17.6303382485509   24.288
17.6315826403414   24.7012
17.6328241977601   25.1431
17.6340659300438   25.5346
17.6353078372294   26.0355
17.6365514250142   26.3468
17.6377951881993   26.619
17.6390376207369   26.5272
17.6402817346216   26.2676
17.6415245175083   25.731
17.6427674755189   25.1516
17.644012115625   24.2728
17.645256931354   23.2077
17.6465004153836   22.0693
17.6477440746854   20.8975
17.6489879092964   19.9668
17.6502349352486   19.1834
17.6514791210146   18.5801
17.6527234822012   18.202
17.6539680188454   17.8598
17.655214239833   17.6168
17.6564606367784   17.3197
17.6577057004441   17.1037
17.6589524492037   17.0228
17.6601978643321   16.9228
17.6614434551412   17.0072
17.6626907317948   17.0376
17.6639381846298   17.1405
17.6651843031302   17.2164
17.6664305974601   17.3106
17.6676770676568   17.4779
17.6689267361435   17.6823
17.6701735586119   17.8618
17.6714205570588   18.1128
17.6726677315215   18.3827
17.6739165940842   18.7816
17.6751656331643   19.0253
17.6764133363251   19.3431
17.6776627283389   19.5789
17.6789107840807   19.9165
17.6801590160622   20.4486
17.6814089376498   20.9278
17.6826590359796   21.6046
17.6839077973319   22.3202
17.6851567350733   23.2326
17.6864058492413   24.2775
17.6876581686711   25.623
17.6889076362324   27.1677
17.6901572803325   28.9592
17.6914071010089   30.7461
17.6926586135544   32.3321
17.6939103031797   33.2993
17.6951606542379   33.4771
17.6964126979207   32.7468
17.697663402683   31.8335
17.6989142842464   31.1668
17.7001668591902   30.9933
17.7014196114392   31.1893
17.7026710240599   31.3662
17.7039226136319   31.1143
17.7051743801927   30.2702
17.7064293590097   29.2035
17.7076814800901   27.8823
17.7089337782719   26.573
17.7101862535929   25.2692
17.7114404245649   24.163
17.712694773181   23.3234
17.7139477805747   22.6055
17.7152024843774   22.2053
17.716455846603   21.9054
17.7177093861935   21.7828
17.7189646229513   21.8593
17.7202200375798   21.9446
17.7214741099214   22.2553
17.7227283597788   22.6054
17.7239827871895   23.0409
17.7252404338739   23.4564
17.7264952169352   23.6588
17.7277501776632   23.8705
17.7290053160956   23.725
17.7302621539734   23.7901
17.7315191700623   23.724
17.7327748422654   23.7032
17.7340322146746   23.8806
17.7352882428423   23.985
17.7365444489411   24.1245
17.7378023560067   24.1376
17.7390604415109   24.3201
17.7403171820618   24.9928
17.7415741006953   25.7845
17.7428311974492   26.7949
17.7440915205171   27.5777
17.7453489740575   28.3871
17.746606605832   29.2114
17.7478644158786   30.0773
17.7491239291777   30.8982
17.7503836212573   31.8381
17.75164196678   32.5106
17.7529020163184   33.2631
17.754160718943   33.7464
17.7554196000674   34.2119
17.7566801859709   34.4353
17.7579409508833   34.1907
17.759200368168   33.9545
17.7604599641046   33.3082
17.761719738731   32.5059
17.7629827467348   31.9682
17.7642428792885   31.2646
17.7655031906462   30.5614
17.766763680846   30.0442
17.7680258781183   29.4688
17.7692882547429   29.0694
17.7705492821314   28.8557
17.7718120173581   28.8569
17.7730734029908   28.6922
17.7743349676944   28.7032
17.7755982410022   28.6459
17.7768616938916   28.6541
17.778123796471   28.666
17.779386078274   28.5709
17.7806485393386   28.0504
17.7819142408674   27.5318
17.7831770610049   26.7267
17.7844400605188   25.8168
17.7857032394473   24.547
17.7869681292811   23.2312
17.7882331990415   21.9463
17.7894969168786   20.8551
17.7907623463893   19.9859
17.7920264236178   19.2616
17.7932906804907   18.6913
17.7945566498057   18.5516
17.7958227992775   18.3071
17.7970875957491   18.1489
17.7983525720183   17.8861
17.7996177281235   18.1094
17.8008861318029   18.0333
17.8021516481314   18.1096
17.8034173444112   18.1193
17.8046832206805   18.148
17.8059508117008   18.1481
17.8072185832243   18.282
17.8084850001295   18.4926
17.8097531325565   18.6076
17.8110199100052   18.7707
17.8122868676742   18.8764
17.8135555416361   18.9918
17.8148243963326   19.2895
17.8160918953304   19.5221
17.8173595747025   19.8411
17.8186274344874   20.2365
17.8198985489798   20.6316
17.8211667701435   21.3711
17.8224351718355   22.0431
17.8237037540946   23.1644
17.8249740549632   24.3326
17.8262445369142   25.5669
17.8275136615438   26.8482
17.8287845055564   28.0998
17.8300539918865   28.7966
17.8313236590153   29.155
17.8325950463008   28.8661
17.8338666149011   28.1183
17.8351368250963   27.2267
17.8364072162449   26.0956
17.8376777883855   25.0955
17.8389516223905   24.2214
17.8402225570702   23.7904
17.841493672858   23.12
17.8427649697928   22.5515
17.8440379892087   22.0863
17.8453111902887   21.4862
17.846583031336   20.8293
17.8478565956406   20.0798
17.8491287995504   19.481
17.8504011848398   18.9133
17.8516752941627   18.2973
17.852949585383   17.9794
17.8542225154839   17.6541
17.8554956271197   17.4671
17.8567689203292   17.3889
17.8580454825837   17.3303
17.8593191394976   17.415
17.8605929781019   17.4342
17.8618669984355   17.4436
17.8631427451349   17.4627
17.8644186740825   17.3943
17.8656932402782   17.4908
17.8669695336185   17.4805
17.8682444638436   17.7314
17.8695195760317   17.9044
17.8707964161433   18.1542
17.8720734387373   18.2491
17.8733490974894   18.2378
17.8746249383605   18.2265
17.8759009613895   18.244
17.8771802606677   18.1174
17.8784566485714   17.924
17.8797332187502   17.9756
17.8810099712432   18.2601
17.8822884539999   18.5505
17.8835671195913   19.0359
17.8848444197034   19.4235
17.8861234508605   19.8434
17.8874011161741   20.3254
17.8886789640364   21.0262
17.8899585437254   21.5021
17.8912383064844   22.1977
17.8925167026709   22.9636
17.8937952815628   23.6102
17.8950740431994   24.4271
17.8963560883133   25.1945
17.897635216   26.3922
17.898914526549   27.5506
17.9001955710117   28.7699
17.9014752476248   30.0714
17.9027566586739   31.288
17.9040367015082   32.3413
17.9053184793011   33.1128
17.9065988885139   33.7923
17.9078794808638   34.0718
17.9091618089566   33.8255
17.9104443207096   33.2079
17.9117254631513   32.0505
17.9130067888875   30.4789
17.9142882979576   28.539
17.915573097757   26.266
17.9168549740576   24.0998
17.9181370338102   21.9164
17.9194208313999   20.196
17.9207032583974   18.7869
17.921987423756   17.8538
17.923270218156   17.1265
17.9245547514416   16.7419
17.9258379134022   16.7537
17.9271212590909   17.0007
17.9284063444519   17.3876
17.929691614066   17.7775
17.9309755116216   18.2023
17.9322595930634   18.5599
17.9335438584309   18.7785
17.9348314218036   19.0666
17.9361160555871   19.3646
17.9374008734149   19.6826
17.9386874330164   20.1991
17.9399726192747   20.6636
17.9412595478327   21.0604
17.9425451026802   21.4564
17.9438324003534   21.8416
17.9451183239485   22.1074
17.9464044318652   22.2343
17.9476922833972   22.4103
17.9489803197774   22.6647
17.9502669813439   22.6231
17.9515538273908   22.7882
17.9528408579576   22.7501
17.9541311938299   22.6686
17.9554185940033   22.6364
17.956706178816   22.5747
17.9579955093523   22.729
17.9592834637864   22.785
17.9605731644719   22.8703
17.9618614886867   23.0536
17.9631515596808   23.1582
17.9644402538355   23.4976
17.9657291329078   23.7789
17.9670197595516   23.9124
17.9683105716416   24.2771
17.9696000061543   24.552
17.970889625744   24.5691
17.9721794304507   24.274
17.9734725477872   23.4484
17.9747627232962   22.0833
17.9760530840417   20.4873
17.9773451944744   18.7283
17.9786359260375   17.5965
17.9799284078171   17.0357
17.9812195103576   16.8211
17.9825123636444   16.5461
17.9838038373222   16.3276
17.9850954965163   16.1171
17.9863889072516   15.816
17.9876825040333   15.6908
17.9889747204661   15.6935
17.9902671225752   15.8552
17.9915597104005   16.0877
17.9928556182046   16.1648
17.9941485780333   16.3892
17.9954417236985   16.3937
17.9967366230277   16.3582
17.9980301407117   16.3826
17.9993254125909   16.4969
18.0006193024542   16.7906
18.0019149470442   17.0442
18.0032092092474   17.5968
18.004503657568   18.3383
18.0057998614131   19.3185
18.0070962519076   20.3324
18.008391259273   21.1947
18.0096864529165   21.29
18.0109818328785   20.6675
18.0122805401923   19.3965
18.0135762933636   18.2345
18.0148722329741   17.1617
18.016169930239   16.6472
18.0174662430745   16.4719
18.0187643140977   16.3165
18.0200610003196   16.2908
18.0213594452625   16.5749
18.0226565050322   16.7491
18.0239537515231   17.1734
18.0252527575353   17.6678
18.0265519508025   18.38
18.027849758152   19.18
18.0291477523842   20.16
18.0304459335395   21.27
18.0317474494445   22.5098
18.0330460050205   23.5694
18.0343447476407   24.9988
18.0356452519195   26.2182
18.0369443689765   26.8476
18.038245248227   26.8171
18.0395447398827   26.0866
18.0408459942671   24.8863
18.0421458606836   24.0859
18.0434459144277   23.4155
18.0447477317034   23.2551
18.0460497368425   23.1146
18.047350353267   22.9542
18.0486511571813   22.8438
18.0499521486259   22.7933
18.0512564822427   22.6629
18.0525578493245   22.7224
18.0538594040585   22.8019
18.0551627244686   22.8414
18.0564646548562   23.0209
18.0577683514568   23.0204
18.0590706576607   22.2703
18.0603747306145   21.1803
18.0616774127974   19.6706
18.062980282917   18.061
18.0642849205923   17.1111
18.0655897467418   16.5911
18.0668931813714   16.4308
18.0681968041005   16.6204
18.0695006149698   16.7599
18.0708077754587   17.3492
18.0721119631871   17.9885
18.073416339178   18.8675
18.0747224848767   19.3968
18.0760272377434   19.4563
18.0773337608564   19.2261
18.0786388907623   18.7361
18.0799457914533   18.296
18.0812512985618   18.2957
18.0825569942186   18.605
18.0838644614691   19.3141
18.0851721178072   20.3138
18.0864783798117   21.2938
18.087784830528   22.2438
18.0890914699972   22.964
18.090401466558   23.3745
18.0917084841133   23.805
18.0930156905443   24.4454
18.0943246707282   25.1858
18.0956322552624   26.0962
18.09694161409   26.8267
18.0982495768915   27.0575
18.0995593145271   26.6886
18.1008676557601   25.7598
18.1021761861558   24.5111
18.1034864921968   23.1024
18.1047969879417   21.9335
18.1061060865306   21.1445
18.1074153744464   20.3853
18.1087248517302   19.5962
18.110037693603   19.1169
18.1113475502055   18.5976
18.1126575962994   18.2983
18.1139694202053   18.1089
18.1152798456353   17.8095
18.1165920494195   17.47
18.1179028543503   17.16
18.1192154381778   16.79
18.1205266227743   16.57
18.1218379971505   16.67
18.1231511512376   16.64
18.1244644956473   16.47
18.1257764400702   16.42
18.1270885744378   16.49
18.1284008987914   16.48
18.1297165952561   16.59
18.1310293001661   16.68
18.132342195186   16.7
18.1336568720908   16.71
18.1349701476849   16.9
18.1362852057081   16.98
18.1375988620419   17.09
18.1389143013491   17.35
18.1402283385882   17.37
18.1415425662267   17.59
18.1428585776555   17.96
18.1441747800286   18.42
18.1454895795755   18.84
18.1468045696874   19.42
18.1481197504059   20.14
18.1494383107831   20.93
18.1507538733013   21.64
18.1520696265505   21.95
18.1533871657716   22.18
18.1547033008385   21.56
18.1560212224234   20.76
18.1573377394743   20.01
18.1586560435894   19.36
18.1599729427907   19.17
18.1612900330137   18.9
18.1626089111205   18.91
18.1639279807959   18.74
18.1652456447971   19.14
18.1665634999865   18.71
18.1678815464057   18.72
18.1692029800565   18.74
18.1705214095241   18.83
18.1718400303465   18.99
18.1731604412418   19.13
18.1744794451309   19.62
18.1758002396408   20.11
18.1771196267637   20.73
18.1784408050554   21.39
18.179760575579   22.09
18.1810805377494   22.34
18.1824022919113   22.14
18.1837242382687   21.65
18.1850447760952   20.9
18.1863655057358   20.32
18.1876864272322   20
18.1890107435586   19.89
18.1903320493575   19.73
18.1916535471378   19.59
18.1929768391061   19.8
18.1942987212076   19.97
18.1956223980468   20.21
18.1969446646371   20.3
18.1982687265152   20.5
18.1995913777622   20.49
18.2009142212838   20.54
18.2022388609186   20.52
18.2035636933787   20.23
18.2048871144426   19.64
18.2062107279491   19.04
18.2075345339402   18.61
18.2088617423852   18.31
18.2101859339383   18.25
18.2115103181022   18.27
18.2128365005833   18.41
18.2141612703282   18.82
18.2154878389421   19.46
18.2168129944365   20.1
18.2181399493519   20.59
18.2194654907643   20.89
18.220791225082   21.04
18.2221187596488   20.74
18.2234464876734   20.52
18.2247728014278   20.5
18.2260993082561   20.56
18.2274260082005   20.89
18.2287561182484   21.6
18.2300832050199   22.26
18.2314104850342   22.86
18.2327395675093   23.23
18.2340672343701   23.16
18.2353967042453   22.88
18.2367247581218   22.61
18.2380546155665   22.32
18.2393830566279   22.07
18.2407116912279   21.91
18.2420421302272   21.58
18.2433727633194   21.15
18.2447019792588   20.51
18.2460313889062   19.74
18.2473609923039   19.12
18.2486940134806   18.78
18.2500240049761   18.64
18.2513541903492   18.53
18.2526861823409   18.4
18.2540167558314   18.4
18.2553491364961   18.2
18.2566800982741   18.07
18.2580128677818   18.06
18.2593442180172   18.03
18.2606757624272   17.99
18.2620091154011   18.02
18.2633426631059   18.01
18.2646747907664   18.27
18.2660071127717   18.27
18.2673396291644   18.32
18.2686755710375   18.3
18.2700084768041   18.57
18.271341577086   18.64
18.2726764881587   18.59
18.2740099778346   18.75
18.2753452788587   18.81
18.2766791580993   18.88
18.2780148492457   19.03
18.2793491182217   19.19
18.2806835820114   19.23
18.2820198585437   19.31
18.2833563304479   19.49
18.2846913794073   19.64
18.2860266233512   19.74
18.2873620623225   19.99
18.2887009345014   20.08
18.2900367641284   20.22
18.291372788911   20.4
18.292710628671   20.43
18.2940470441297   20.24
18.2953852751252   20.11
18.2967220814316   19.68
18.2980607038342   19.52
18.2993979011596   19.41
18.3007352939404   19.38
18.3020745036572   19.33
18.3034139093896   19.47
18.3047518892679   19.46
18.3060900647733   19.47
18.3074284359486   19.54
18.3087702480852   19.68
18.3101090112037   19.76
18.3114479701211   19.88
18.3127887482169   20.01
18.3141280990982   20.2
18.3154692697193   20.49
18.3168090127367   20.87
18.3181505760554   21.1
18.3194907113812   21.37
18.3208310428069   21.63
18.3221731953765   21.46
18.3235155446081   21.15
18.3248564650677   20.77
18.3261975817996   20.4
18.3275388948469   20.13
18.3288836566353   20.11
18.3302253629189   19.97
18.3315672656474   19.95
18.3329109917701   19.92
18.334253287756   20
18.3355974076993   20
18.3369400971155   20.08
18.3382846110526   20.09
18.3396276940721   20.24
18.340970973839   20.51
18.3423160789723   20.48
18.3436613814168   20.59
18.3450052521624   20.45
18.3463493198285   20.35
18.3476935844582   20.26
18.3490413056353   20.18
18.3503859648002   20.25
18.3517308210588   20.25
18.3530775049419   20.46
18.3544227557571   20.68
18.355769834762   20.96
18.3571154803074   21.17
18.3584629546079   21.35
18.3598089950574   21.49
18.3611552329043   21.49
18.3625033003549   21.43
18.3638515657689   21.27
18.3651983965481   21.13
18.3665454248986   21.08
18.3678926508641   21.08
18.3692433412096   21.19
18.3705909630147   21.37
18.3719387825653   21.4
18.3732884339854   21.37
18.3746366493974   21.23
18.3759866972461   20.94
18.377335308694   20.74
18.378685753146   20.58
18.3800347608044   20.51
18.3813839665133   20.36
18.3827350060778   20.18
18.3840862442608   20.16
18.3854360448639   19.85
18.3867860436924   19.62
18.3881362407898   19.52
18.3894899101267   19.51
18.390840504374   19.54
18.3921912970215   19.51
18.3935439257982   19.52
18.3948951156178   19.47
18.3962481421357   19.5
18.3975997293026   19.5
18.3989531537372   19.51
18.4003051384266   19.57
18.4016573218227   19.57
18.4030113433409   19.52
18.4043655641357   19.69
18.4057183443966   19.77
18.4070713235396   19.85
18.4084245016085   19.81
18.409781159803   20.11
18.4111347363378   20.11
18.4124885119304   20.11
18.4138441279268   20.21
18.4151983020079   20.21
18.4165543170639   20.41
18.4179088898095   20.44
18.4192653041013   20.47
18.4206202756875   20.45
18.4219754466391   20.5
18.4233324599945   20.64
18.4246896732872   20.86
18.4260454430831   20.93
18.4274014124207   20.99
18.4287575813441   21.11
18.4301172383061   21.1
18.4314738070174   20.89
18.4328305754467   20.78
18.4341891885695   20.69
18.4355463568096   20.67
18.4369053703162   20.52
18.4382629385439   20.63
18.4396223526114   20.67
18.4409803210034   20.62
18.4423384894228   20.78
18.4436985045423   20.75
18.4450587202631   20.84
18.4464174895149   20.91
18.447776458971   20.92
18.4491356286756   20.96
18.4504982943589   21.06
18.4518578651791   21.1
18.4532176363808   21.11
18.4545792565804   21.16
18.4559394289209   21.29
18.4573014508345   21.2
18.4586620244915   21.2
18.4600244482969   21.17
18.4613854234479   21.06
18.4627465992911   20.91
18.4641096261459   20.82
18.4654728542686   20.82
18.4668346329411   20.82
18.4681966124835   20.93
18.4695587929401   21.02
18.4709244773424   21.08
18.4722870602483   21.14
18.4736498442018   21.23
18.4750144814728   21.28
18.4763776678993   21.38
18.4777427082203   21.5
18.479106297298   21.71
18.4804717408476   21.59
18.481835732755   21.57
18.483199926022   21.58
18.4845659746274   21.64
18.4859322251703   21.58
18.4872970232726   21.6
18.4886620229132   21.54
18.4900272241367   21.66
18.4913959373004   21.58
18.4927615423127   21.7
18.494127349042   21.7
18.4954950134233   21.82
18.4968612239655   21.68
18.4982292927388   21.76
18.4995959072729   21.81
18.5009643806175   21.66
18.5023313993227   21.53
18.5036986200583   21.47
18.5050677004738   21.51
18.5064369834997   21.49
18.5078048110853   21.43
18.5091728408806   21.32
18.5105410729304   21.36
18.5119128249421   21.37
18.5132814621262   21.24
18.5146503016996   21.25
18.5160210032749   21.05
18.517390248007   20.97
18.5187613553221   20.92
18.5201310053927   20.87
18.5215025186279   20.81
18.5228725742172   20.77
18.5242428325105   20.72
18.5256149548407   20.81
18.5269872804568   20.82
18.5283581476238   20.85
18.529729217675   20.97
18.5311004906553   21
18.5324752916467   21.01
18.5338469711128   21.06
18.5352188536433   21.19
18.5365926025408   21.22
18.537964891582   21.27
18.5393390475732   21.28
18.5407117433056   21.51
18.5420863065716   21.57
18.5434594091761   21.75
18.5448327151612   21.66
18.5462078895554   21.72
18.5475832679142   21.68
18.5489571848057   21.72
18.5503313052588   21.78
18.5517072952896   21.87
18.5530834894665   21.82
18.5544582213696   21.95
18.5558331570155   21.99
18.5572099634087   21.96
18.558585306923   21.98
18.5599625217699   21.99
18.5613382733342   21.95
18.5627158968165   21.88
18.5640920566124   21.85
18.5654684204685   21.78
18.5668466571213   21.9
18.5682250984204   21.83
18.5696020752247   21.9
18.570979256271   21.86
18.5723583112867   21.92
18.573737571131   21.99
18.5751153656716   22.09
18.5764933646361   21.99
18.5778732387438   22.14
18.5792516469407   22.19
18.5806319308681   22.13
18.5820107484797   22.21
18.5833914424094   22.19
18.5847706696182   22.23
18.5861501015698   22.14
18.5875314107213   22.1
18.5889129252037   22.23
18.5902929721545   22.12
18.5916732240308   22.08
18.5930553542836   22.14
18.5944376900506   22.07
18.5958185574744   22.13
18.5971996300065   22.08
18.5985825820931   22.23
18.5999640652276   22.32
18.6013474285059   22.37
18.602729322426   22.41
18.6041130970795   22.43
18.6054954019684   22.54
18.6068779122859   22.62
18.6082623042216   22.52
18.6096469021762   22.66
18.6110300295529   22.66
18.6124133625416   22.75
18.6137985783294   22.82
18.6151840003201   22.66
18.6165679509188   22.62
18.6179521073132   22.63
18.6193381476888   22.58
18.6207227160617   22.63
18.6221091690073   22.67
18.6234941495428   22.72
18.6248810152427   22.75
18.6262664081247   22.68
18.6276520071241   22.7
18.6290394921759   22.67
18.6304271839374   22.54
18.6318134020653   22.53
18.6331998264947   22.5
18.6345881381617   22.41
18.6359766567231   22.41
18.6373637008343   22.42
18.6387509514316   22.39
18.6401400904526   22.35
18.6415277544108   22.35
18.6429173073862   22.33
18.64430538489   22.32
18.6456953520049   22.16
18.6470838432392   22.29
18.6484725412829   22.24
18.6498631298287   22.28
18.6512539257781   22.29
18.6526432450286   22.26
18.6540327712735   22.35
18.6554241892098   22.33
18.6568158147353   22.48
18.658205962743   22.53
18.6595963179302   22.65
18.6609885659993   22.76
18.6623793359359   22.84
18.6637719993499   22.92
18.6651631842215   22.97
18.6665562631664   23.1
18.6679478631587   23.18
18.6693396706552   23.3
18.6707333731193   23.33
18.6721272836841   23.31
18.6735197144754   23.36
18.6749123529567   23.33
18.6763068875992   23.39
18.6777016305288   23.49
18.6790948928633   23.49
18.680488363074   23.49
18.6818837306404   23.52
18.6832776169951   23.48
18.6846734013034   23.43
18.6860677039886   23.5
18.6874639052254   23.36
18.6888586244278   23.28
18.6902535518325   23.29
18.6916503786861   23.21
18.6930474143406   23.31
18.6944429671372   23.31
18.6958387283229   23.33
18.6972363901552   23.41
18.6986342609757   23.32
18.7000306481142   23.42
18.7014272438286   23.53
18.7028257413885   23.56
18.704222754648   23.55
18.7056216703529   23.66
18.7070191013447   23.8
18.7084184353821   23.81
18.7098162842937   23.78
18.7112143421089   23.78
18.71261430387   23.7
18.7140144751355   23.63
18.7154131604492   23.72
18.716812054854   23.72
18.7182128544068   23.78
18.719613863652   23.74
18.7210133861188   23.63
18.7224131178644   23.69
18.7238147559611   23.73
18.7252149066591   23.75
18.7266169643101   23.77
18.7280175341486   23.81
18.7294200115424   23.81
18.7308210007095   23.84
18.7322221994846   23.91
18.7336253067188   23.96
18.7350286241637   23.94
18.7364304525534   23.9
18.7378324907395   23.95
18.7392364385909   24.02
18.7406405968419   24.05
18.7420432652086   23.99
18.7434461435601   24.03
18.7448509327843   24.12
18.7462542315018   24.09
18.7476594416961   24.05
18.7490631609685   24.08
18.7504687923221   24.08
18.7518729323386   24.14
18.7532772826705   24.1
18.7546835459906   23.97
18.7560900202311   24.01
18.7574950023033   24.03
18.7589001948801   24.1
18.7603073016557   24.07
18.7617146195416   24.1
18.7631204444272   24.16
18.7645264800069   24.24
18.765934430997   24.32
18.7673408883627   24.36
18.768749261745   24.46
18.7701561410865   24.5
18.7715649370511   24.5
18.7729722385583   24.53
18.7743797510916   24.53
18.7757891811584   24.59
18.7771988228585   24.6
18.7786069692672   24.61
18.7800153268923   24.67
18.7814256032656   24.77
18.7828360914629   24.81
18.7842450835345   24.92
18.7856542870126   24.87
18.787065410455   24.99
18.7884750371455   24.94
18.7898865844086   25.02
18.7912966345021   25.04
18.7927086057769   24.96
18.7941190794642   25.02
18.7955297648916   24.99
18.7969423724137   24.99
18.7983551922854   24.97
18.799766513733   25
18.8011780471118   25.09
18.8025915038045   24.94
18.8040051730381   25
18.8054173430108   24.97
18.8068297251056   25.04
18.8082440317348   24.98
18.8096568384748   25.01
18.8110715703597   25.11
18.8124848019364   25.02
18.8138999592689   25.04
18.8153136158739   25
18.8167274849362   24.97
18.818143280671   25.06
18.8195592894745   25.09
18.8209737967116   25.19
18.8223885165979   25.2
18.82380516438   25.23
18.8252220254233   25.23
18.8266373840605   25.43
18.8280529555389   25.49
18.8294704561378   25.57
18.8308864537006   25.44
18.8323043809968   25.65
18.8337208048364   25.71
18.8351391590224   25.72
18.8365560093314   25.74
18.8379730728181   25.72
18.8393920675712   25.55
18.8408112761156   25.55
18.8422289799413   25.46
18.8436468971374   25.53
18.8450667468278   25.53
18.8464868105027   25.62
18.8479053686167   25.65
18.8493241402939   25.63
18.8507448456945   25.71
18.8521640449019   25.76
18.8535851784477   25.83
18.8550048053787   25.79
18.8564263672632   25.92
18.8578464221111   26.02
18.8592666908603   25.98
18.8606888954863   26.13
18.8621113146295   26.09
18.8635322258919   26.09
18.8649533512492   26.12
18.8663764137155   26.1
18.8677996908931   26.25
18.8692214593449   26.22
18.8706434420853   26.15
18.8720673631683   26.27
18.8734897748913   26.39
18.874914125574   26.52
18.8763369664738   26.48
18.8777617469507   26.53
18.8791850172216   26.57
18.8806085021207   26.6
18.8820339275235   26.64
18.8834595681726   26.67
18.8848836977687   26.73
18.8863080421876   26.82
18.8877343283467   26.95
18.8891608299472   26.86
18.8905858196472   26.75
18.8920110243645   26.84
18.89343817206   26.76
18.8948638072189   26.71
18.8962913859752   26.8
18.8977174517706   26.83
18.8991454617832   26.84
18.9005719584104   26.82
18.9019986703961   26.83
18.9034273275288   26.86
18.9048562006403   26.73
18.9062835595169   26.9
18.9077111339473   26.86
18.9091406547657   26.82
18.9105703917589   26.81
18.9119986136668   26.88
18.9134270513241   26.75
18.9148574366118   26.8
18.9162863061762   26.79
18.9177171239926   26.82
18.91914642566   26.88
18.9205776762013   26.96
18.9220074101678   26.9
18.9234373602264   26.87
18.924869260092   26.87
18.9263013766723   26.99
18.9277319758255   26.98
18.9291627912669   26.95
18.930595557761   27.04
18.9320285411665   27.07
18.9334600062919   27.11
18.9348916879021   26.92
18.9363253218117   27.29
18.9377574368012   27.41
18.9391915047138   27.41
18.9406240532795   27.49
18.9420585553924   27.57
18.9434915377311   27.79
18.9449247368988   27.88
18.9463598905504   27.96
18.9477952616556   27.97
18.9492291121317   28
18.9506631796339   27.98
18.9520992028699   27.87
18.9535354437574   27.8
18.95497016316   27.86
18.9564050997861   27.83
18.9578419933972   27.85
18.9592773648815   27.95
18.9607146939769   27.95
18.9621505005172   27.91
18.9635882652949   27.89
18.9650245070889   28.12
18.9664609664522   28.12
18.9678993849929   28.2
18.9693380217298   28.25
18.9707751346253   28.32
18.9722124652881   28.28
18.9736517563828   28.41
18.9750912658723   28.41
18.9765292506621   28.41
18.9779674534174   28.32
18.9794076178603   28.4
18.9808462569595   28.35
18.9822868583746   28.44
18.9837259340163   28.1
18.9851669726025   28.27
18.9866064849855   28.26
18.9880462156813   28.25
18.9894879102649   28.29
18.9909298237906   28.26
18.9923702102527   28.18
18.9938108152266   28.1
18.9952533853473   28.06
18.9966961746096   28.02
18.9981374359472   28
18.9995789159957   27.94
19.0010223624513   27.99
19.0024642803361   28.02
19.0039081652586   27.95
19.0053505211793   27.89
19.0067948447686   27.97
19.0082376389247   27.93
19.0096806521408   27.93
19.0111256339721   28.07
19.0125708354948   28.13
19.0140145067213   28.17
19.0154583972076   28.29
19.0169042575726   28.39
19.0183503378294   28.54
19.0197948869263   28.75
19.021239655483   29.07
19.0226863951832   29.36
19.0241316030754   29.67
19.0255787827441   30.04
19.0270244301724   30.44
19.0284720500102   30.65
19.0299181371751   30.56
19.0313644441502   30.25
19.032812724485   29.53
19.0342612252639   28.75
19.035708192504   27.92
19.037155379755   27.19
19.038604541634   26.89
19.0400539241582   26.67
19.0415017722772   26.58
19.0429498406082   26.53
19.0443998848363   26.48
19.045848394009   26.54
19.0472988797139   26.34
19.0487478299296   26.25
19.050198757313   26.17
19.0516481487732   25.91
19.0530977607976   25.89
19.0545493509432   25.75
19.056001162289   25.82
19.0574514368431   25.65
19.058901932163   25.66
19.0603544068768   25.69
19.0618071029931   25.61
19.0632582614484   25.59
19.0647096408714   25.49
19.0661630009623   25.41
19.0676148227399   25.42
19.0690686258229   25.49
19.0705208901575   25.38
19.0719751364352   25.44
19.0734278435291   25.41
19.0748807719445   25.36
19.07633568326   25.28
19.0777908165353   25.24
19.0792444097556   25.25
19.0806982244999   25.25
19.0821540234215   25.21
19.0836100445062   25.21
19.0850645246638   25.17
19.0865192265483   25.13
19.0879759138886   25.03
19.0894310596477   25.1
19.0908881915024   25.09
19.0923437813393   25.13
19.0938013579119   25
19.0952573920299   25
19.0967136482302   25.02
19.0981718921265   24.96
19.0996303587458   25.1
19.1010872820365   25.05
19.1025444276129   24.94
19.1040035621674   24.9
19.1054629196489   24.98
19.106920732927   24.93
19.1083787686946   25
19.1098387947234   24.99
19.1112972758925   25.17
19.1127577479649   25.21
19.1142166747396   25.25
19.11567759306   25.22
19.1171369656446   25.19
19.1185965610758   25.31
19.1200581490165   25.3
19.1215199604467   25.24
19.1229802252643   25.15
19.1244407131329   25.16
19.1259031947976   25.39
19.1273659001568   25.53
19.1288270580259   25.61
19.1302884391507   25.64
19.1317518153594   25.91
19.1332136434195   25.94
19.134677467208   26.07
19.1361397424087   26.26
19.1376040139824   26.34
19.1390667365287   26.51
19.1405296826893   26.62
19.1419946261903   26.79
19.143459793951   26.88
19.1449234118047   27.05
19.1463872534781   27.25
19.1478530937832   27.24
19.1493191585538   27.45
19.1507836725372   27.58
19.1522484105458   27.87
19.1537151484786   28.09
19.1551803349636   28.36
19.1566475220196   28.79
19.158113157187   29.1
19.1595807935723   29.54
19.1610468776283   29.74
19.1625131860698   30.03
19.1639814967002   30.24
19.1654500323639   30.31
19.1669170148157   30.01
19.1683842218594   29.37
19.169853432388   28.55
19.1713228681568   27.48
19.1727907498306   26.47
19.1742588563029   25.74
19.1757289675572   25.35
19.1771975240539   25.17
19.1786680859817   25.17
19.1801370927098   25.22
19.1816081055184   25.29
19.183077562685   25.22
19.184547245012   25.35
19.186018934394   25.29
19.1874908495865   25.31
19.1889612082517   25.34
19.1904317922846   25.24
19.1919043846732   25.25
19.1933772030802   25.25
19.194848464074   25.22
19.1963199506429   25.05
19.1977934468695   25.03
19.1992653850181   25.08
19.2007393334757   24.94
19.2022117234118   24.91
19.2036861243087   24.87
19.2051589662404   24.79
19.206632034111   24.75
19.2081071139203   24.68
19.209582420321   24.62
19.2110561668684   24.43
19.2125301395629   24.39
19.2140061255016   24.26
19.2154823382404   24.24
19.2169569902373   24.09
19.2184318685897   24.16
19.2199087614929   23.94
19.2213840929873   23.85
19.2228614396864   23.71
19.2243372245316   23.6
19.2258150252356   23.62
19.2272912636407   23.61
19.2287677287667   23.52
19.230246210733   23.46
19.2317249200751   23.48
19.2332020662273   23.45
19.2346794393097   23.5
19.2361588305425   23.51
19.2376384493608   23.48
19.2391165040978   23.46
19.2405947859743   23.42
19.2420750873127   23.5
19.2435538239008   23.46
19.2450345806069   23.48
19.2465137721164   23.43
19.2479949844004   23.44
19.2494746310412   23.43
19.2509545051885   23.52
19.2524364010957   23.39
19.2539185251665   23.51
19.2553990827004   23.67
19.256879867951   23.7
19.2583626762763   23.75
19.2598457129761   23.72
19.2613271822444   23.96
19.2628088794399   23.88
19.2642926010263   23.93
19.2657747545101   24.11
19.2672589330435   24.23
19.2687415430266   24.3
19.2702261787181   24.44
19.2717092454112   24.62
19.2731925404002   24.68
19.2746778620864   24.79
19.276163412728   24.93
19.2776473934747   25.14
19.2791316027284   25.38
19.280617839999   25.56
19.2821043064368   25.73
19.2835892020824   25.96
19.2850743264463   26.08
19.2865614801482   26.37
19.2880470623846   26.64
19.28953467462   26.96
19.2910207149407   27.3
19.2925087859217   27.56
19.2939952845386   27.86
19.2954820122443   28.37
19.2969707716026   28.44
19.2984597607117   28.58
19.2999471765573   28.33
19.3014348217037   27.83
19.3029244998274   27.12
19.3044144079146   26.4
19.3059027418381   25.59
19.3073913052747   25.15
19.3088819030145   24.95
19.3103709259151   24.96
19.3118619837824   25.03
19.3133514663597   25.03
19.3148429845675   25.11
19.3163329270345   25.1
19.3178230993869   25.13
19.3193153083656   25.27
19.3208077478941   25.21
19.3222986107797   25.32
19.3237897037636   25.28
19.3252828347034   25.23
19.3267761964066   25.28
19.3282679805638   25.16
19.3297599950327   25.1
19.3312540487881   25.23
19.3327465243199   25.03
19.3342410398041   25.1
19.3357339766125   25.05
19.3372289540394   25.02
19.3387223523383   24.9
19.3402159813228   24.94
19.3417116519255   25.02
19.3432075538808   24.92
19.3447018758028   24.9
19.3461964286245   24.86
19.3476930243987   24.99
19.3491898517402   24.8
19.3506850981424   24.79
19.3521805756587   24.81
19.3536780974631   24.79
19.3551740376485   24.75
19.3566720227904   24.73
19.3581684258597   24.72
19.3593660172722   24.72
19.3611637407221   24.51
19.3626608383798   24.48
19.3641599826659   24.55
19.365659359111   24.54
19.3668578775834   24.55
19.3683558560004   24.54
19.3701552495202   24.53
19.371655554578   24.49
19.3731542752924   24.6
19.3743537216766   24.53
19.3758528599328   24.57
19.3773540477653   24.51
19.3791551136833   24.52
19.3806549950994   24.57
19.3818553704734   24.59
19.383357488602   24.65
19.3848598395808   24.79
19.3863606042142   24.86
19.3881633448631   24.87
19.3893646505321   24.96
19.3908661127933   25.01
19.3923696279885   25.15
19.3938715556991   25.13
19.3953755370163   25.19
19.3968779303928   25.15
19.3983805565425   25.31
19.3998852373078   25.45
19.4013901515195   25.48
19.4028934768778   25.49
19.4043970352259   25.53
19.4059026495367   25.54
19.4074084975111   25.73
19.4089127557187   25.74
19.4104172471329   26.09
19.4119237958582   26.13
19.4134287541313   26.27
19.4149357703901   26.53
19.4164411957393   26.72
19.4179486797493   27.01
19.4194545723921   27.29
19.4209606986218   27.26
19.4224688845252   27.29
19.4239773046911   27.27
19.4254841325742   26.96
19.4269911942617   26.75
19.428500316975   26.32
19.4300096741691   26.03
19.4315174381639   25.88
19.4330254361811   25.92
19.4345354965774   25.9
19.4360439630867   25.94
19.4375544926523   26.03
19.4390634278721   26.19
19.4405744268256   26.22
19.4420838309743   26.22
19.4435934695274   26.35
19.4451051728308   26.46
19.4466171112168   26.44
19.4481274538795   26.57
19.4496380311651   26.54
19.4511506745581   26.51
19.452663553253   26.54
19.4541748353052   26.57
19.4556863521992   26.74
19.457199936559   26.6
19.4587119235861   26.62
19.4602259787586   26.65
19.461738436138   26.74
19.4632529623429   26.77
19.4647658902942   26.79
19.4662790534713   26.86
19.4677942864942   26.84
19.4693097554234   26.84
19.4708236251777   26.86
19.4723377303773   26.9
19.4738539067847   26.86
19.4753703193189   26.94
19.4768851317557   26.79
19.4784001798579   26.87
19.4799173005311   26.88
19.4814328204149   26.9
19.4829504135519   26.84
19.4844664054376   26.84
19.4859844712591   26.97
19.4875009353674   26.95
19.4890176355266   26.87
19.4905364106458   26.89
19.492055422499   26.76
19.4935728317145   26.85
19.4950904772016   26.79
19.4966101990158   26.93
19.4981301577854   26.91
19.4996485129919   26.99
19.501167104691   26.85
19.5026877740855   26.92
19.5042068392225   26.97
19.5057279827396   27.08
19.507247521536   26.97
19.5087691393974   27
19.5102891520746   27.03
19.5118094016318   27.11
19.5133317312821   27.15
19.5148542984981   27.11
19.5163752596024   27.09
19.5178964578084   27.09
19.5194197374796   27.18
19.5209432549389   27.26
19.5224651653581   27.19
19.5239873131012   27.24
19.5255115436828   27.29
19.5270341665278   27.27
19.5285588728986   27.37
19.5300819710679   27.44
19.5316071534508   27.52
19.5331307271671   27.78
19.5346545385965   27.88
19.536180435271   27.95
19.5377065703468   28.1
19.5392310958256   28.35
19.5407558592402   28.54
19.5422827092772   28.83
19.5438097979388   28.93
19.5453352760722   28.91
19.5468609923643   28.56
19.5483887966575   27.86
19.5499149897234   26.98
19.5514432714801   26.27
19.5529699415434   25.55
19.5544987009876   25.15
19.5560258482719   24.93
19.5575532341059   24.93
19.5590827103565   24.77
19.5606124258477   24.53
19.5621405282454   24.34
19.5636688694168   24.19
19.565199302387   24.02
19.5667299748223   23.94
19.5682590332299   23.82
19.5697883306351   23.61
19.5713197212229   23.46
19.5728494970817   23.53
19.5743813668153   23.64
19.5759116213522   23.57
19.5774439704566   23.48
19.5789747038963   23.57
19.5805056767266   23.62
19.5820387451639   23.7
19.5835720536852   23.8
19.5851037456051   23.88
19.5866356771406   23.95
19.5881697056705   24.01
19.5897039745099   24.08
19.5912366258107   24.3
19.5927695169521   24.39
19.5943045064768   24.58
19.5958378777594   24.68
19.5973733481201   24.82
19.5989071997694   24.98
19.6004431511922   25.15
19.601977483434   25.23
19.6035120559113   25.35
19.6050487292052   25.46
19.6065856434305   25.56
19.6081209375353   25.78
19.6096564721014   25.86
19.6111941088769   25.84
19.6127319868102   25.9
19.6142682436827   25.97
19.6158047412427   25.87
19.6173433424061   25.75
19.6188803218028   25.8
19.6204194055003   25.84
19.6219568669604   25.76
19.6234964334192   25.84
19.6250343771696   25.91
19.626572562004   26.11
19.6281128528843   26.24
19.6296533855472   26.33
19.6311922945591   26.59
19.632731444882   26.73
19.6342727026486   26.83
19.6358142024256   27.05
19.6373540776079   27.17
19.6388941943287   27.33
19.6404364198923   27.54
19.6419770201533   27.65
19.6435197299573   27.83
19.6450608139864   28.04
19.6466040082588   28.19
19.6481455762838   28.34
19.6496873862456   28.37
19.6512313075019   28.58
19.6527754713962   28.63
19.6543180080973   28.82
19.6558607869632   28.91
19.6574056785267   29.07
19.658950812957   29.14
19.6604943192475   29.49
19.6620380679313   29.44
19.663583930717   29.3
19.6651281646526   29.55
19.6666745133929   29.67
19.6682192328092   29.63
19.6697660677333   29.71
19.6713112728593   29.88
19.6728567207789   30
19.6744042852612   30.08
19.6759520932409   30.26
19.6774982704737   30.47
19.6790446907293   30.87
19.6805932289559   31.02
19.6821420109097   31.15
19.683689161167   31.12
19.6852365546765   30.6
19.6867860675667   29.92
19.6883339480477   28.94
19.6898839486148   28.28
19.6914323162973   27.78
19.6929828047715   27.59
19.6945316598855   27.29
19.6960807586539   27.15
19.697631979273   26.91
19.6991834442529   26.64
19.7007332749208   26.26
19.7022833494732   25.88
19.7038355472899   25.63
19.7053879896983   25.39
19.7069387968419   24.97
19.7084898481006   24.88
19.7100430240385   24.63
19.7115945639966   24.23
19.7131482293419   24.11
19.7147002582304   23.93
19.7162544132143   23.76
19.7178069312643   23.71
19.7193596938336   23.55
19.7209145835613   23.41
19.7224697185173   23.22
19.7240232155844   23.22
19.7255769574021   23.29
19.7271328277969   23.29
19.7286889436522   23.28
19.7302434206627   23.35
19.7317981426554   23.57
19.7333549946455   23.59
19.7349102070736   23.67
19.7364675502098   23.88
19.7380232533053   24.03
19.7395810878199   24.19
19.7411372818152   24.34
19.7426937211987   24.49
19.7442522930682   24.7
19.7458111110377   24.87
19.7473682875297   25.14
19.7489257096424   25.32
19.7504852656652   25.53
19.7520450680211   25.76
19.7536032279406   25.92
19.7551616337135   26.18
19.7567221748221   26.39
19.7582810727746   26.64
19.7598421067761   26.88
19.7614014971414   26.93
19.7629630242693   27.22
19.7645229072808   27.42
19.7660830365537   27.59
19.76764530366   27.73
19.7692078177421   27.86
19.7707686867466   28.1
19.7723298022459   28.25
19.7738930570082   28.44
19.7754565589805   28.75
19.777018414913   28.76
19.7785805175742   29.02
19.7801447609293   29.11
19.7817073575227   29.24
19.7832720955259   29.34
19.7848351862857   29.36
19.7864004191717   29.33
19.7879640043324   29.55
19.7895278366317   29.57
19.7910938121322   29.69
19.7926600354883   29.88
19.7942246101547   30.15
19.7957894321944   30.25
19.7973563988701   30.21
19.7989236136368   30
19.8004891787485   29.8
19.8020549914685   29.23
19.8036229502607   28.7
19.8051892586737   28.13
19.8067577138775   27.78
19.8083245182188   27.62
19.8098934700701   27.46
19.8114607705754   27.42
19.8130283191008   27.36
19.8145980162151   27.28
19.8161679620692   27.17
19.8177362556097   26.95
19.819304797406   26.42
19.8208754892316   26
19.8224464300334   25.5
19.8240157175532   25.27
19.8255852535649   25.24
19.8271569410475   25.26
19.8287269745214   25.42
19.8302991601876   25.6
19.8318696913602   25.66
19.8334423754469   25.65
19.835013404555   25.69
19.8365846825687   25.72
19.8381581145795   25.64
19.8397317962185   25.65
19.8413038219081   25.47
19.8428760967402   25.34
19.8444505270152   25.42
19.8460252071558   25.27
19.8475982303756   25.08
19.849171502975   24.99
19.8507469324644   25.12
19.8523207043037   25.07
19.853896633757   24.97
19.8554709050739   24.92
19.8570473347291   24.93
19.8586221057614   24.84
19.8601971265891   24.81
19.8617743068423   24.84
19.8633517376163   24.78
19.8649275087933   24.74
19.8665035300038   24.83
19.868081712091   24.83
19.8696601449376   25.04
19.8712369172124   25.29
19.8728139397591   25.4
19.874393124635   25.53
19.8759706482077   25.77
19.8775503348364   25.99
19.8791283596739   26.13
19.8807085482947   26.26
19.8822870746359   26.54
19.8838658516667   26.72
19.8854467935721   26.94
19.8870279868949   27.16
19.8886075169611   27.47
19.8901872979561   27.57
19.8917692452822   27.96
19.8933514442657   28.07
19.8949319790145   28.31
19.8965127649316   28.61
19.8980957186378   28.74
19.8996770073755   28.9
19.901260464632   29
19.9028422564303   29.18
19.9044262174774   29.2
19.9060085125764   29.26
19.9075910592634   29.39
19.9091757762945   29.5
19.9107607456442   29.6
19.9123440480655   29.7063
19.9139276023151   29.8206
19.9155133283709   29.9846
19.9170993069864   30.0886
19.9186836176923   30.1625
19.920268180467   30.3061
19.9218549165116   30.4794
19.9234399839102   30.543
19.925027225311   30.706
19.9266127975747   30.839
19.9282005445732   30.8457
19.9297866219431   30.8311
19.9313729518036   30.9055
19.9329614574985   31.0586
19.9345502164175   31.0431
19.9361373047242   30.9289
19.9377246457631   30.6396
19.9393141641039   30.1466
19.940903935911   29.2282
19.9424920361215   28.4667
19.9440803893058   27.3482
19.9456709212612   26.4163
19.9472597808813   25.6514
19.9488508200076   24.9152
19.9504401863057   24.1582
19.9520317328456   23.5787
19.9536216060641   23.1573
19.9552117326803   22.8429
19.9568040406419   22.7463
19.9583966027373   22.6794
19.9599874905246   22.7218
19.9615786319521   22.7842
19.9631719561982   22.767
19.9647655348214   22.7896
19.9663574381489   22.892
19.9679495953595   22.9844
19.9695439368634   22.9572
19.9711366023304   23.1697
19.9727314528285   23.2661
19.9743246267953   23.548
19.9759199865315   23.6003
19.9775136692416   23.7124
19.9791076062606   24.1844
19.9807037301569   24.3567
19.9823001091012   24.5989
19.9838948100293   24.8312
19.98548976551   24.9935
19.9870869093469   25.1459
19.9886843084763   25.4283
19.9902800285985   25.57
19.9918760035175   25.83
19.9934741682729   26.02
19.9950706532775   26.16
19.9966693288593   26.31
19.9982663241942   26.28
19.9998655108473   26.5
20.0014630167571   26.63
20.0030607778916   26.73
20.0046607314564   26.74
20.0062609409876   26.79
20.0078594687823   26.91
20.0094582520465   27.0932
20.0110592292255   27.1551
20.0126604626165   27.3768
20.0142600132768   27.4985
20.0158598196519   27.8797
20.0174618214276   28.0011
20.0190621397265   28.1824
20.0206646541695   28.3535
20.0222654846379   28.5246
20.0238685119943   28.7653
20.0254698548781   28.8146
20.0270714539066   28.8646
20.0286771927381   28.8049
20.0302793048618   28.6056
20.0318816733148   28.4263
20.0334842981586   27.8182
20.0350891224969   27.3697
20.0366942039715   27.2003
20.0382975989793   26.9811
20.0399012506243   26.1836
20.0415071032554   27.0612
20.0431112686711   27.4103
20.0447176358192   27.6697
20.0463223152526   28.1185
20.0479291971651   28.7279
20.0495343908632   29.237
20.0511398416306   29.526
20.0527494424666   29.8537
20.0543554081814   30.2399
20.0559616311509   30.4766
20.0575681114369   30.6729
20.0591767968184   30.932
20.0607857402647   31.0598
20.0623929934958   31.2859
20.0640005042912   31.4032
20.0656102216792   31.7168
20.067218248101   31.6761
20.0688284818648   31.5862
20.0704370241613   31.5848
20.0720477745493   31.3775
20.0736568329687   30.9398
20.0752661493864   30.5684
20.0768796261768   30.0177
20.078489459403   29.5034
20.0800995508138   28.9157
20.0817099004714   28.2201
20.0833224608467   27.3637
20.0849352802199   26.3471
20.0865464056172   25.3982
20.08815778951   24.3991
20.0897713856236   23.4692
20.0913832870077   22.6682
20.0929974013646   21.857
20.0946098204894   21.4635
20.0962244533394   21.2988
20.0978373904543   21.3732
20.0994505865009   21.5073
20.1010679532625   21.7145
20.1026816679877   22.4526
20.104295641832   22.7225
20.1059098748576   23.0626
20.1075263242447   23.5427
20.1091430335673   23.6637
20.1107580451407   23.8148
20.1123733161456   24.226
20.1139908050206   24.5231
20.1156065953906   24.8621
20.1172246043857   25.1209
20.1188409143712   25.3695
20.1204594437372   25.8075
20.1220762735891   26.0456
20.1236933633107   26.2137
20.1253146341281   26.252
20.1269322444074   26.3229
20.1285501147446   26.4011
20.1301682452024   26.4295
20.1317885976871   26.2287
20.1334092110492   26.0479
20.1350281228764   26.0763
20.1366472950755   25.9852
20.1382686908159   26.2028
20.1398883842629   26.4801
20.141510302009   27.0063
20.1431305169557   27.5525
20.1447529569597   27.9591
20.1463736936579   28.3358
20.1479946911684   28.613
20.1496198801944   28.7905
20.1512414001508   28.9183
20.1528631811085   29.1057
20.1544852231306   29.1732
20.1561094928665   29.2176
20.1577340244266   29.1231
20.1593568506534   28.8602
20.1609799381969   28.6474
20.1626052549747   28.4449
20.1642288656581   28.3649
20.1658547063365   28.3909
20.1674788404128   28.6835
20.1691052052451   28.591
20.1707298629673   28.5083
20.1723547824488   28.4354
20.1739839039046   28.0066
20.1756093477294   27.5974
20.1772350535036   27.0397
20.1788610212904   26.6598
20.1804892225   26.3972
20.1821176864849   26.4492
20.1837444413254   26.4715
20.1853714584323   26.8204
20.1870007104881   27.1299
20.188628252636   27.7264
20.1902580304964   27.9864
20.1918860979394   28.4742
20.193516401859   28.6057
20.1951449948516   28.8857
20.1967738505552   29.0073
20.1984069187307   29.4653
20.2000363006842   29.3279
20.2016659455396   29.2105
20.2032958533605   29.1624
20.2049280003349   29.3905
20.2065604110404   29.1747
20.208191108778   29.1758
20.2098220697359   29.0884
20.2114552713794   28.9027
20.2130867592887   28.6745
20.21472048865   28.3394
20.2163525037661   28.053
20.2179867611011   27.6677
20.2196193036795   27.341
20.2212521099252   26.9054
20.22288913918   26.4298
20.2245224735914   26.0819
20.2261560718619   25.6445
20.2277899340555   25.0682
20.2294260411553   24.4793
20.2310624129467   23.9796
20.2326970679336   23.5889
20.2343319870998   23.3168
20.23596915271   23.2324
20.2376046007471   23.2764
20.2392422959978   23.5277
20.2408782731626   23.9268
20.2425164983108   24.3849
20.24415300486   24.6949
20.2457897760373   24.9258
20.2474307808006   25.1073
20.2490680820688   25.2691
20.250705648158   25.5264
20.2523434791325   25.6866
20.253983560788   26.0144
20.2556239081003   26.4112
20.2572625347589   26.6306
20.2589014265601   26.929
20.2605425705862   27.1288
20.2621819931873   27.447
20.2638236687858   27.4102
20.2654636224448   27.3734
20.267105829874   27.1984
20.2687463148488   26.9632
20.2703870654174   26.7877
20.2720320601884   26.3253
20.2736733427824   26.4359
20.2753148911639   26.4378
20.2769567053976   26.7765
20.2786007761095   27.3306
20.2802451134479   27.5403
20.2818877262705   27.8787
20.2835306052039   28.3259
20.2851757421652   28.5846
20.2868191538367   28.8135
20.2884648243118   28.9135
20.2901087689808   29.0432
20.2917549732291   29.0441
20.2933994511549   29.2231
20.2950441956447   29.1864
20.2966931949933   29.0382
20.2983384734525   28.7319
20.2999840186705   28.3662
20.3016298307121   28.05
20.3032779050515   27.6546
20.3049262469921   27.2494
20.3065728605416   27.0617
20.3082197411748   26.8245
20.3098688856613   26.6071
20.3115163009805   26.3897
20.3131659809316   26.2613
20.3148139311973   26.3497
20.3164641468738   26.4971
20.3181126323465   26.6149
20.31976105225   26.7426
20.3214144039256   26.8505
20.3230636928603   26.8595
20.3247132495297   27.1058
20.3263630739991   27.3817
20.3280151666082   27.6279
20.3296675277978   27.884
20.3313181567083   28.1895
20.33296905368   28.495
20.3346222203532   28.2668
20.3362736539682   28.0584
20.3379273580661   27.9685
20.3395793285863   27.8095
20.3412335703711   27.7987
20.3428860780582   27.9559
20.3445385203429   28.0143
20.3461959067624   28.053
20.3478492208541   27.9928
20.3495028036613   27.6263
20.3511566552496   27.5068
20.3528127808422   27.2096
20.3544691759993   27.0605
20.3561238349763   27.1782
20.3577787629968   27.0588
20.3594359665893   27.0178
20.36109143322   26.7783
20.3627491762072   26.2922
20.3644051817111   25.8558
20.3660634643565   25.6072
20.3677200089968   25.2012
20.3693768231406   25.1304
20.3710379243541   24.9711
20.3726952783561   25.1859
20.3743529020593   25.3906
20.3760107955295   25.6739
20.3776709688911   25.9961
20.3793314128062   26.2297
20.380990116627   26.5317
20.3826490904784   26.9684
20.3843103457952   26.9907
20.3859698602334   27.29
20.3876316569244   27.4312
20.3892917122136   27.7013
20.3909540505435   27.9319
20.3926146469481   28.0967
20.3942755138457   28.0982
20.395940678631   28.2285
20.397602087369   28.3192
20.3992637667985   28.0828
20.4009257169857   27.896
20.4025899529744   27.4017
20.4042544605103   27.2652
20.4059172240246   26.7957
20.4075799225676   26.6633
20.4092455804799   26.935
20.4109091575898   27.1089
20.4125750228717   27.4105
20.41423914282   27.6969
20.4159055517313   27.9253
20.4175702147838   28.2719
20.4192348129457   28.4605
20.4209043926102   28.5108
20.4225698709823   28.5044
20.4242356210411   28.7497
20.4259013062557   28.7386
20.4275699563998   28.51
20.4292385424922   28.2613
20.4309053806224   27.8836
20.4325721539548   27.4172
20.4342418942426   27.2078
20.4359092120337   26.7903
20.437579497794   26.5805
20.4392476973482   26.658
20.4409181918108   26.686
20.4425869364678   26.952
20.4442556164084   27.0297
20.4459292904017   27.4349
20.4475988533791   27.631
20.4492686890434   27.6383
20.4509384600382   27.606
20.4526112035699   27.396
20.4542838832278   27.2553
20.4559548109697   27.1784
20.4576260117328   27.1804
20.4592995117788   27.439
20.4609712591165   27.609
20.4626453065338   27.8285
20.4643176007142   28.0284
20.4659921957713   27.9736
20.4676650370628   27.9291
20.4693378138141   27.6179
20.4710155972156   27.4648
20.472689259843   27.5093
20.4743631961624   27.4352
20.4760374062408   27.4698
20.4777139199891   27.4846
20.4793907082952   27.6277
20.4810657407181   27.6632
20.4827410471689   27.6045
20.4844186588881   27.5656
20.486094513929   27.3982
20.4877726750381   27.4652
20.4894490789387   27.4193
20.4911277897076   27.1065
20.4928044039314   27.0804
20.4944819702668   26.9553
20.4961635393684   26.8896
20.4978413167646   26.7843
20.4995193688628   26.8372
20.5011976957303   26.8802
20.5028783322703   27.1212
20.5045592443815   27.2145
20.5062383966288   27.378
20.5079174846098   27.4524
20.5095995624799   27.6261
20.5112792009652   27.7503
20.5129618303651   27.7456
20.5146420196255   27.9395
20.5163252008266   27.9946
20.5180059411331   28.0794
20.5196876362329   28.0935
20.5213733442902   28.1868
20.5230552516485   28.0616
20.5247370948608   28.0456
20.5264195536648   27.953
20.5281046681415   27.7914
20.5297897192893   27.6199
20.5314730065792   27.5773
20.5331562297837   27.4453
20.5348424505809   27.5717
20.5365262263248   27.5888
20.5382130006908   27.8545
20.5398973292463   27.9288
20.5415846574538   28.0655
20.5432695390932   28.2119
20.5449550376858   28.3881
20.5466452405315   28.425
20.5483312931198   28.3826
20.550017622445   28.4791
20.5517038878186   28.241
20.5533931564529   27.9851
20.555082361944   27.9772
20.5567697995696   27.8004
20.5584571732927   27.7417
20.5601475523418   27.5092
20.5618358217419   27.6444
20.5635264153164   27.6106
20.5652152396867   27.6563
20.566906389041   27.8016
20.5685957686552   27.9767
20.5702850844528   28.142
20.57197945777   28.2178
20.5736696709317   28.2537
20.5753601618553   28.1704
20.5770509306092   28.1639
20.578744027184   28.0679
20.5804374024006   28.1409
20.5821286639644   28.0846
20.5838208871651   28.0979
20.5855147561656   28.0814
20.587207536231   28.005
20.5889023046748   28.2477
20.5905952998888   28.321
20.5922906261725   28.2845
20.5939841786887   28.1155
20.5956780097902   28.1635
20.5973762268173   28.2814
20.5990706159718   28.2595
20.6007649415328   28.4074
20.6024602307252   28.3555
20.604157168952   28.4755
20.6058550718503   28.3374
20.6075505137183   28.3091
20.6092469199445   28.191
20.6109449763838   28.1128
20.6126415987607   28.1345
20.614340557501   28.1262
20.6160377389722   28.0964
20.6177376005725   28.1432
20.6194349984646   28.1101
20.6211333619888   28.107
20.6228357796266   28.0241
20.6245343602693   28.2709
20.6262328775066   28.13
20.627932017816   28.1884
20.629633498164   28.3466
20.6313356026282   28.3054
20.6330352403183   28.4138
20.6347355015838   28.4424
20.6364384480964   28.501
20.6381389266839   28.5562
20.6398424350228   28.5664
20.6415434746686   28.5467
20.6432475451119   28.5468
20.6449491460937   28.5013
20.6466513715333   28.3464
20.6483583492991   28.3606
20.6500611370022   28.2951
20.6517642055727   28.1201
20.6534672109407   28.3234
20.655173250771   28.2978
20.6568792282198   28.302
20.6585834216367   28.3554
20.660287551902   28.508
20.6619947187272   28.3818
20.6636994118593   28.6739
20.6654071426007   28.6373
20.6671127434727   28.7003
20.6688206938156   28.6443
20.6705268582261   28.6195
20.6722329595749   28.7444
20.6739441700914   28.9595
20.6756508356255   28.79
20.6773584728304   28.78
20.6790657021461   28.72
20.6807759738003   28.71
20.6824861832684   28.79
20.6841946046286   28.85
20.6859033082511   28.82
20.6876140205973   28.79
20.6893236345754   28.82
20.6910349127098   28.82
20.6927450921595   28.79
20.6959354652629   29.07
20.6993677519798   29.05
20.7027966821211   29.13
20.7062308992807   29.15
20.7096645259039   29.12
20.7130989453539   29.1434
20.7165345040975   29.0163
20.7199712027016   29.0592
20.723411467053   29.0784
20.7268504478856   29.0335
20.7302905702825   29.0085
20.7337321816314   29.0436
20.7371745889777   29.0287
20.740620221894   28.98
20.7440652642086   28.94
20.7475111038842   28.96
20.7509580885412   28.86
20.7544065662617   28.78
20.7578579284714   28.74
20.7613087000502   28.65
20.76475818412   28.6
20.7682129903275   28.51
20.7716672058878   28.46
20.7751243116925   28.4
20.7785804785179   28.43
20.7820357048524   28.19
20.785496611695   27.92
20.7889562307581   27.69
20.7924194431765   27.33
20.7958813673413   26.93
20.7993423504071   26.66
20.8028086752718   26.25
20.8062744094404   25.95
20.8097430454143   25.67
20.8132110906836   25.34
20.8166778448795   24.98
20.8201499507455   24.62
20.8236214658946   24.33
20.8270958886548   24.04
20.8305672702243   23.78
20.8340422604634   23.6
20.8375201618048   23.28
20.8409971219936   23.13
20.8444776964506   22.95
20.8479548751896   22.86
20.8514353188253   22.86
20.8549193809328   22.89
20.8584021505178   22.89
20.8618881902617   22.83
20.865371180587   22.82
20.8688577935924   22.65
20.8723473293828   22.61
20.8758362744081   22.56
20.8793260343196   22.53
20.8828169611747   22.63
20.8863094075012   22.71
20.8898047824798   22.81
20.8932992145039   22.86
20.8967951681119   22.94
20.9002919394168   22.98
20.9037898811839   23.09
20.9072914625515   23.11
20.9107917478337   23.21
20.9142932053432   23.33
20.9177961886734   23.33
20.921299992523   23.35
20.924807089815   23.39
20.9283135963154   23.41
20.9318209247511   23.41
20.9353294289542   23.38
20.9388394632312   23.45
20.942352443865   23.39
20.9458623560359   23.38
20.9493780478434   23.33
20.9528924407119   23.33
20.9564080129023   23.24
20.9599272460037   23.19
20.9634430521708   23.12
20.9669642940054   23.04
20.9704849450431   22.89
20.9740064237098   22.75
20.9775312154082   22.65
20.9810532854538   22.56
20.9845804462733   22.47
20.9881066609165   22.32
20.9916344163386   22.21
20.9951630022548   21.99
20.9986927746447   21.81
21.0022262251262   21.67
21.0057583730976   21.46
21.00929170934   21.25
21.0128265906723   21.03
21.0163623053761   20.87
21.019901348906   20.79
21.0234398016529   20.63
21.0269790892147   20.59
21.0305195686524   20.5
21.0340615975077   20.46
21.0376066049837   20.53
21.0411506645059   20.45
21.044696275616   20.43
21.0482427244372   20.44
21.0517903687539   20.48
21.0553417128055   20.58
21.0588917507715   20.59
21.0624408386277   20.66
21.0659957772662   20.75
21.0695494091035   20.86
21.0731063896661   20.98
21.0766627794821   21.01
21.0802178603297   21.18
21.0837784442239   21.17
21.0873384373817   21.36
21.0909014273077   21.44
21.094463467512   21.5
21.0980249155359   21.66
21.1015915179312   21.75
21.1051571702525   21.85
21.1087265441402   21.94
21.1122924507646   22.05
21.1158617207   22.13
21.1194347165902   22.18
21.1230064020988   22.25
21.1265814564064   22.36
21.1301537587775   22.41
21.133729071088   22.5
21.1373077562331   22.55
21.1408858507066   22.65
21.1444669602574   22.67
21.1480449534169   22.8
21.1516266842777   22.84
21.1552114338968   22.92
21.1587601967504   22.94
21.1623827730625   23.06
21.1659668326076   23.13
21.1695192050934   23.2
21.1731078525477   23.27
21.1766998876822   23.34
21.1802913322079   23.35
21.1838836330736   23.38
21.1874771526965   23.4568
21.191072253985   23.3722
21.194670387574   23.47
21.1982675680529   23.5179
21.2018663324305   23.53
21.2054659561372   23.56
21.2090668023298   23.63
21.2126714128212   23.7
21.2162725278149   23.76
21.2198795882448   23.79
21.2234853316016   23.85
21.2270923005633   23.94
21.2307030412671   23.94
21.2343102815701   23.95
21.2379231145738   24.02
21.2415353570918   24.1
21.2451484644523   24.17
21.2487649867562   24.18
21.2523783678862   24.25
21.2559977167964   24.24
21.2596157462397   24.2
21.2632350075579   24.26
21.2668558662645   24.22
21.2704775933451   24.32
21.2741031101196   24.3
21.2777273062298   24.38
21.281352737366   24.39
21.2849797696659   24.45
21.2886076728734   24.45
21.2922390075364   24.5
21.2958697518486   24.54
21.2995013685929   24.56
21.3031342241586   24.69
21.3067686854348   24.79
21.3104062189511   24.78
21.3140427956621   24.82
21.3176806137335   24.82
21.3213200405565   24.83
21.3249603433816   24.86
21.3286044585182   24.79
21.3322472493959   24.93
21.335889081276   24.91
21.3395365654207   24.96
21.3431834593522   24.95
21.3468334381623   25
21.3504828267821   25.02
21.3541308881953   25.01
21.357784612609   25.09
21.3614377468674   25.05
21.3650939723522   25.08
21.3687492393169   25.1
21.3724039146499   25.22
21.3760638953603   25.24
21.379722917209   25.29
21.3833857741858   25.3
21.3870450891852   25.34
21.3907078717068   25.32
21.3943744939433   25.33
21.3980397876033   25.33
21.4017085545154   25.3
21.405374143853   25.29
21.4090435775145   25.33
21.4127161189952   25.33
21.4163880705123   25.39
21.4200631324136   25.39
21.4237350123674   25.46
21.4274107443228   25.5
21.4310895905142   25.56
21.4347674761429   25.53
21.4384469951414   25.63
21.442127406695   25.67
21.4458090821233   25.65
21.4494946203251   25.68
21.4531788263493   25.69
21.4568642982033   25.66
21.4605514081008   25.66
21.4642394137003   25.65
21.4679309179881   25.67
21.4716218325306   25.64
21.4753136443537   25.67
21.479006725929   25.66
21.48270145024   25.67
21.4863993081531   25.7
21.4900962038148   25.73
21.4937947445656   25.77
21.4974941857646   25.78
21.5011949006542   25.79
21.5048995015799   25.88
21.5086005273635   25.89
21.5123073075344   25.94
21.516013498154   25.98
21.5197205924032   26
21.5234312067471   26
21.5271389883684   25.95
21.5308521616606   25.9
21.5345643713591   25.84
21.538278235606   25.89
21.5419952529972   25.88
21.5457090593662   25.89
21.549429016849   25.94
21.5531476356656   25.98
21.5568675380905   26.04
21.5605890998215   26.02
21.5643115715871   26.06
21.5680375807104   26.1
21.5717630005498   26.12
21.575489332034   26.17
21.5792169511222   26.18
21.5829462342934   26.19
21.5866786863705   26.17
21.5904101731878   26.17
21.5941433264838   26.1
21.5978773946552   26.11
21.6016127544432   26.14
21.6053520426619   26.11
21.6090899886066   26.16
21.6128292281804   26.2
21.6165701390384   26.16
21.6203119680168   26.19
21.624057356107   26.24
21.6278021552089   26.29
21.6315456090245   26.3
21.6352948905761   26.35
21.6390435832017   26.35
21.6427954645977   26.41
21.6465467571101   26.33
21.6502967031288   26.3
21.6540524881181   26.29
21.6578073058654   26.25
21.6615660758906   26.25
21.6653235000318   26.27
21.6690799550259   26.3
21.6728426392057   26.36
21.6766039767794   26.39
21.6803688954156   26.45
21.6841309493273   26.45
21.6878962064506   26.45
21.6916650490498   26.45
21.6954333030531   26.5
21.6992047658729   26.51
21.7029729801225   26.47
21.7067451642961   26.42
21.7105205613169   26.36
21.7142949894589   26.34
21.7180733939393   26.34
21.7218481649389   26.33
21.7256265331154   26.34
21.7294088824677   26.36
21.7331898816019   26.42
21.7369748651427   26.49
21.7407562100205   26.59
21.7445411594854   26.65
21.7483297166157   26.69
21.7521176855094   26.67
21.755906592297   26.65
21.759696819261   26.54
21.7634887492164   26.5
21.7672839122866   26.44
21.771078104855   26.42
21.7748740028886   26.46
21.7786708421628   26.48
21.7824690057618   26.58
21.7862711748565   26.58
21.7900719901199   26.63
21.7938745149818   26.64
21.7976779838849   26.65
21.8014827805831   26.72
21.8052915909323   26.77
21.8090967438756   26.69
21.812907831442   26.7
21.8167179472189   26.7
21.8205297784041   26.66
21.8243448631583   26.68
21.8281566694066   26.7
21.8319748063536   26.74
21.8357915865779   26.69
21.8396097015746   26.72
21.8434318466058   26.74
21.8472503237588   26.76
21.8510751438591   26.76
21.8548986060318   26.7
21.8587234064838   26.72
21.8625522451992   26.67
21.8663774107841   26.69
21.8702085457183   26.6
21.8740390932834   26.65
21.8778705967653   26.68
21.8817034427511   26.72
21.8855380183694   26.75
21.8893758709666   26.82
21.8932127496489   26.9
21.8970513604909   26.91
21.900890930677   26.92
21.9047318476091   26.88
21.9085768226543   26.79
21.9124204361565   26.8
21.9162653985329   26.78
21.9201120981385   26.71
21.9239597605304   26.72
21.9278111014314   26.74
21.9316618554186   26.79
21.935511244781   26.84
21.9393666455632   26.84
21.9432214595264   26.87
21.9470795713287   26.82
21.9509367076402   26.81
21.9547932555889   26.84
21.9586554379863   26.85
21.962478897476   26.83
21.9663819343004   26.88
21.9702458588625   26.85
21.9740710187028   26.94
21.9779781771421   27
21.9818079793324   26.92
21.9856777231813   26.95
21.9895866699644   26.86
21.9934205192831   26.77
21.9972943531854   26.82
22.0011715045569   26.77
22.0050476789819   26.8
22.0089279550064   26.83
22.0128045176413   26.84
22.0166847925285   26.92
22.020569174078   26.99
22.0244521870963   26.98
22.0283365697839   27.04
22.0322227144858   27
22.0361098388253   27
22.0400006863903   26.98
22.0438909480121   26.94
22.0477821910363   26.93
22.0516748080871   26.91
22.0555691923428   26.86
22.0594669153051   26.91
22.0633636597759   26.93
22.0672621740552   26.88
22.0711616732783   26.9
22.0750625509036   26.89
22.0789675606478   26.88
22.0828711982446   27.02
22.0867762164387   27.01
22.0906830096638   27.02
22.0945907913899   27.06
22.0985023197919   27.05
22.1024108980851   27.04
22.1063251960964   27.04
22.1102385143924   27
22.1141536129633   26.96
22.1180720716764   26.95
22.1219871814629   26.94
22.1259088119684   26.95
22.129829067434   26.92
22.1337507123229   26.91
22.1376765150195   26.98
22.1415985688443   26.97
22.1455267605287   26.99
22.149454367285   26.96
22.153382971506   27.07
22.1573129695915   27.07
22.1612447585038   27.05
22.1651799248512   27.04
22.169114109969   27.01
22.1730500885653   27.03
22.1769870682399   27.07
22.1809254462392   27
22.1848680027663   26.94
22.1888091806385   26.88
22.1927517590728   26.98
22.1966961363049   27.03
22.2006415182454   27.06
22.2045906896203   27.05
22.2085392766789   27.09
22.2124888702673   27.1
22.2164398689067   27.17
22.2203926716849   27.22
22.2243488736978   27.27
22.2283044916062   27.32
22.2322587265064   27.35
22.2362191553778   27.35
22.2401786012257   27.36
22.2441422517159   27.28
22.248104519937   27.31
22.252065803131   27.24
22.2560336922121   27.22
22.2600001983014   27.21
22.2639705178892   27.17
22.2679402538076   27.16
22.2719086042998   27.25
22.2758831733975   27.23
22.2798571589594   27.28
22.2838345657607   27.21
22.2878085838034   27.24
22.2917868258364   27.24
22.2957684935341   27.22
22.2997495779219   27.1
22.3037340909302   27.11
22.307715210394   27.1
22.3117001610476   27.03
22.3156893479981   27.02
22.3196771483442   27
22.3236691885267   27.03
22.3276574284636   27.12
22.3316495077169   27.08
22.3356454296414   27.05
22.3396407687197   27.13
22.3436395512503   27.14
22.3476349306364   27.14
22.3516345605482   27.11
22.3556376383795   27.11
22.3596397302565   27.04
22.3636436587845   26.97
22.3676486178968   26.94
22.37165501171   26.98
22.3756656684674   26.96
22.3796749350097   26.94
22.3836860427825   27.06
22.3876981842751   26.98
22.3917117643302   26.99
22.3957296162667   27.03
22.3997460767849   27.02
22.4037639781892   27.05
22.4077833212551   26.95
22.4118045119894   26.94
22.4158291731088   26.88
22.4198504137082   27.01
22.4238783710028   26.96
22.4279049351949   26.92
22.4319329457142   26.91
22.435965246072   26.9
22.4399937151025   26.98
22.4440289142035   26.97
22.4480627189994   27.01
22.4520979740257   27.02
22.4561375279109   27
22.4601732448804   26.96
22.4642152982073   26.9
22.4682567702828   26.89
22.472299289378   26.91
22.4763457088124   26.87
22.4803891008667   26.85
22.4844384344321   26.86
22.4884867790025   26.95
22.4925369898071   27.01
22.4965882514706   26.92
22.5006409727896   26.9
22.5046980147294   26.91
22.508753658758   26.86
22.5128107648114   26.8
22.5168697427191   26.78
22.5209297753423   26.8
22.5249937283678   26.75
22.5290571009486   26.79
22.5331215301802   26.81
22.53718742619   26.92
22.5412551996974   26.91
22.5453264922344   26.8893
22.5493967943828   26.828
22.5534665146425   26.7968
22.5575422198703   26.7255
22.5616169344335   26.6743
22.5656959970487   26.743
22.5697736581494   26.7617
22.5738503265278   26.7605
22.5779338142529   26.8092
22.5820158997432   26.8382
22.5861019309283   26.8683
22.5901873825144   26.8384
22.5942714293584   26.7886
22.5983618972244   26.7587
22.6024517856653   26.7488
22.60654521628   26.6889
22.6106351804183   26.669
22.6147295129457   26.6991
22.6188273923018   26.7092
22.622924279625   26.6993
22.627025542688   26.6895
22.6311229214342   26.6396
22.6352242644841   26.6897
22.6393299888416   26.6798
22.6434343073651   26.6799
22.6475430109152   26.67
22.6516478244503   26.5901
22.6557566108323   26.6202
22.6598693735756   26.5792
22.6639815577871   26.5766
22.6680973075388   26.5939
22.6722095759666   26.5014
22.676326240664   26.4888
22.6804464756013   26.4762
22.6845657171594   26.4036
22.6886868705745   26.4509
22.6928091062032   26.5082
22.696932840016   26.5154
22.7010609831362   26.5332
22.7051877168266   26.5409
22.709315951154   26.4988
22.7134461031492   26.4368
22.717577341359   26.4246
22.7217129982679   26.3726
22.7258472445493   26.3604
22.7299829955679   26.3781
22.7341202521452   26.408
22.7382594322254   26.3148
22.7424022061822   26.2812
22.7465414808815   26.2675
22.7506876911196   26.1741
22.7548324890543   26.1205
22.7589787974911   26.1267
22.7631295434986   26.0731
22.7672763673619   25.9937
22.7714297224525   25.9319
22.7755825007225   25.8204
22.7797363752909   25.8184
22.7838946969103   25.7369
22.7880490906086   25.6255
22.7922100288408   25.4348
22.7963703905839   25.423
22.8005318520127   25.2921
22.8046973504397   25.0507
22.8088593345663   24.8094
22.8130282964428   24.519
22.8171958424277   24.2587
22.821364911368   23.9396
22.8255359244288   23.6507
22.8296668346124   23.5104
22.8338842087369   23.6237
22.838059799723   24.0082
22.8421956655858   24.6897
22.8464147226694   25.4616
22.8505536154349   26.274
22.8547348844069   26.8996
22.8589619477866   27.3776
22.8631049666484   27.6627
22.8672882994619   27.731
22.871478649738   27.7198
22.8756675807806   27.6789
22.8798610028487   27.638
22.8840530052056   27.6864
22.8882440080881   27.7441
22.8924416199105   27.7243
22.8966386569014   27.6051
22.9008393486606   27.5456
22.9050394657316   27.486
22.9092381597967   27.3867
22.913443476344   27.3471
22.9176482184192   27.2876
22.9218566233886   27.3771
22.9260614857472   27.2778
22.9302708604702   27.2739
22.9344839029749   27.2584
22.9386959468639   27.243
22.9429125108152   27.2275
22.9471251025572   27.2418
22.951341791404   27.2363
22.955563006153   27.2109
22.9597827968984   27.2054
22.9640066920011   27.2395
22.9682270343019   27.1915
22.972451908431   27.1276
22.9766804667042   27.0834
22.980908451613   26.9898
22.9851401239517   27.025
22.9893682383777   27.0304
22.9936008944104   27.1446
22.9978372428081   27.1201
23.0020725913637   27.2624
23.0063099272091   27.3844
23.0105483973355   27.7128
23.0147884294629   27.824
23.0190330168613   28.298
23.0232761766855   28.7242
23.027520901104   29.2544
23.0317676189422   29.4603
23.0360154753046   29.5191
23.0402674685141   29.3046
23.044518889512   28.6532
23.0487714511633   27.8291
23.0530255826125   26.6296
23.0572817136374   25.2925
23.0615415618511   23.8458
23.0657978336696   22.793
23.0700612588572   22.2528
23.0743232536186   22.4319
23.0785868234045   22.953
23.0828549781108   23.1823
23.0871191215626   23.6178
23.091390002893   23.878
23.095660312967   24.1978
23.0999317722603   24.3611
23.1042073957643   24.574
23.1084798633626   24.7106
23.1127586521197   24.8177
23.1170364388926   24.8854
23.1213162407469   25.0224
23.1255997848572   25.13
23.1298797370684   25.2114
23.1341668868468   25.3046
23.13845260264   25.3582
23.1427399066264   25.3722
23.1470292319429   25.4257
23.1513197151256   25.5385
23.1556143846   25.5524
23.1599084840537   25.6158
23.1642037435482   25.6272
23.1685005965444   25.6153
23.1727994771461   25.6626
23.1771021202346   25.7296
23.1814037601861   25.7966
23.1857074308913   25.755
23.1900122660013   25.7604
23.1943186999452   25.7913
23.1986297728964   25.7828
23.2029394083106   25.8331
23.2072480381979   25.8048
23.2115639192267   25.6883
23.2158783620091   25.6209
23.2201970189268   25.4845
23.2245151071071   25.2799
23.2288317543898   25.0366
23.2331552323245   24.8133
23.2374781417843   24.4639
23.2418048392442   24.1977
23.2461305324421   23.8761
23.2504556554819   23.5915
23.2547871874327   23.6018
23.2591177148998   23.6375
23.2634529118282   23.6634
23.2677866676755   23.768
23.2721194168657   24.0106
23.2764594622972   24.1254
23.2807980659396   24.1812
23.2851409118324   24.4292
23.2894805647754   24.4636
23.2938240243518   24.5375
23.2981717318338   24.5621
23.3025188721823   24.6655
23.3068698262966   24.6506
23.3112171446046   24.7539
23.3155691549846   24.739
23.3199249843133   24.8127
23.3242798080675   24.8077
23.3286393320312   24.9744
23.3329947760132   24.9745
23.3373544829656   25.0042
23.3417188963122   24.9156
23.3460818643355   24.9551
23.350446463691   24.9552
23.354813135343   24.9455
23.3591810002735   24.9934
23.3635535819336   25.0795
23.3679247170942   25.008
23.3722974881702   25.0351
23.37667189608   25.0621
23.3810483827814   25.0891
23.3854287145043   25.0767
23.3898053913776   25.1431
23.3941894467272   25.0815
23.3985720539324   25.13
23.4029563034979   25.1685
23.4073426383781   25.1677
23.4117301756009   25.1274
23.4161224544942   25.1659
23.4205132840691   25.1454
23.424905760629   25.1839
23.4292998851007   25.2126
23.4336961014384   25.2117
23.4380961838421   25.2284
23.4424957021413   25.1634
23.4468964288741   25.1477
23.451298808164   25.1518
23.4557028409421   25.1164
23.460111636323   25.1106
23.4645189800413   25.2131
23.4689253138862   25.227
23.4733390817971   25.2141
23.4777513973431   25.1453
23.4821680411475   25.1355
23.4865841218417   25.1061
23.4909987474603   25.1456
23.4954203773337   25.0964
23.4998414443996   25.0965
23.5042664040739   25.1073
23.5086908011438   25.1614
23.5131137419632   25.1465
23.517543701799   25.2598
23.5219730993368   25.1562
23.5264063983893   25.1807
23.5308386886417   25.2053
23.535269968009   25.2299
23.5397087282446   25.0966
23.5441460326088   25.062
23.5485881418495   25.1359
23.5530261094499   25.0375
23.5574684364392   24.9539
23.5619151268045   24.9886
23.5663612559083   24.8755
23.5708086150699   24.7527
23.5752576531278   24.7383
23.5797115109874   24.5174
23.5841639108768   24.3065
23.5886184414217   24.1163
23.5930742059369   23.9621
23.5975316541106   23.8766
23.6019939327891   24.0763
23.606454752333   24.6897
23.6109172584017   25.4711
23.6153819018748   26.2633
23.6198477840335   26.7506
23.6243180571714   26.9819
23.6287877705391   27.0259
23.6332587249589   26.981
23.6377313716547   26.867
23.6422061625336   26.7428
23.6466821968361   26.8164
23.6511626340254   26.7911
23.6556425120981   26.8648
23.6601236359722   26.9484
23.6646064579001   26.9892
23.6690914308191   26.9138
23.6735803647835   27.1345
23.6780682878677   27.3346
23.6825583653587   27.4945
23.6870496934233   27.5065
23.6915427253455   27.5967
23.6960406331079   27.5397
23.700537076859   27.0336
23.70503522738   26.2855
23.7095355391607   24.9658
23.7140371063102   23.7138
23.7185431063234   22.9499
23.7230485488928   22.5559
23.7275552492375   22.7521
23.7320636621957   23.0075
23.7365742432968   23.4109
23.74108881294   23.6274
23.7456023708107   23.7947
23.7501181002776   23.8438
23.7546350923495   24.0296
23.7591538029054   23.9453
23.7636746885176   23.9987
23.7681995737481   23.9734
23.7727234468587   23.948
23.7772494984941   23.8051
23.7817768175876   23.7604
23.7863058610623   23.6961
23.7907923365269   23.824
23.7953695819054   24.1231
23.7998594774678   24.657
23.8043981545307   25.2108
23.8089358190198   25.6314
23.8134756713077   26.0091
23.8180195436185   26.1128
23.8225596560741   26.1707
23.8271074540519   26.0554
23.8316537813247   25.9499
23.8362018438509   25.9333
23.8407521011761   25.8673
23.8453036373663   25.8013
23.849859665206   25.7946
23.8544151389952   25.7384
23.8589718941125   25.7811
23.8635303904576   25.7684
23.8680910886326   25.7301
23.8726530706042   25.6033
23.8772195565341   25.5259
23.8817854891428   25.3609
23.8863527080232   25.2284
23.8909216741329   24.941
23.8954928491347   24.594
23.9000680779064   24.4123
23.904642292959   24.1999
23.9092187204469   24.038
23.913796439174   23.977
23.9183759111597   24.1318
23.9229603694479   24.348
23.9275433522124   24.4961
23.9321280912607   24.4567
23.9367150498534   24.4765
23.9413033046769   24.2983
23.9458960944477   24.318
23.9504883327618   24.5855
23.955081869812   25.061
23.959677169217   25.5636
23.9642746953071   26.1951
23.9688763036053   26.5488
23.9734768974103   26.7635
23.9780797214829   26.8393
23.9826838493194   26.8755
23.9872897456098   26.9612
23.9918978757577   27.0077
23.99651009957   26.938
24.0011213085897   26.6312
24.0057347550654   25.9697
24.0103495103575   24.9941
24.0149660402307   24.21
24.019587603907   23.7726
24.0242076872681   23.7195
24.0288295482846   23.9831
24.0334536539775   24.2375
24.0380790735638   24.4209
24.0427090720075   24.5369
24.0473385217061   24.6231
24.0519692878465   24.6299
24.0566018378121   24.7061
24.0612366397065   24.8021
24.0658755641118   24.8882
24.0705134730028   24.9049
24.0751536374613   24.9446
24.0797951234757   24.9348
24.0844383995137   24.9746
24.0890867436914   25.0342
24.0937336041489   24.8855
24.0983827262561   24.8558
24.1030331742003   24.8956
24.1076854173555   24.83
24.1123399258199   24.6594
24.1169985781373   24.5485
24.1216562144356   24.2901
24.1263161197118   24.1645
24.1309773559852   24.0532
24.1356403937207   24.3135
24.1403085249945   24.8255
24.1449723480861   25.4336
24.1496436197267   26.2572
24.1543138750381   26.7706
24.1589864079183   27.0117
24.1636631041928   26.8423
24.1683359565689   26.4888
24.1730167450878   25.7152
24.1776960458215   25.129
24.1823776302882   24.6027
24.1870633879701   24.3895
24.1917452960602   24.3814
24.1964351574309   24.3627
24.2011235298913   24.3184
24.2058137195695   24.2482
24.2105076190652   24.1669
24.2152014470835   24.3514
24.2198985152507   24.5166
24.2245964590972   24.6921
24.2292971730615   24.6474
24.2339982902885   24.6376
24.2387017061367   24.6971
24.2434078963926   24.905
24.2481144914446   25.1426
24.2528248124813   25.4494
24.2575350649832   25.7116
24.26224714744   25.8159
24.266961536012   25.4655
24.2716787075992   24.997
24.2763977134525   24.7264
24.281117603346   24.3981
24.2858388530734   24.433
24.2905619391689   24.4877
24.2952887675178   24.5424
24.3000155303062   24.5379
24.3047455624032   24.4052
24.3094764827538   24.4015
24.3142087682654   24.4213
24.3189443279817   24.5971
24.3236807780668   24.8315
24.3284200284957   25.0294
24.3331582599497   24.9833
24.3379016825378   24.9177
24.3426464767577   24.8035
24.347391686636   24.7867
24.3521406606195   24.7019
24.3568881371955   24.5912
24.3616403380321   24.5155
24.3663934356166   24.4592
24.3711493466408   24.4709
24.3759071145755   24.3463
24.3806643427271   24.2605
24.3854258268101   24.2136
24.3901877312759   24.3033
24.3949534163563   24.382
24.3997204838627   24.4894
24.4044865318548   24.4407
24.4092578069062   24.4994
24.4140290244896   24.4214
24.4188035508472   24.3825
24.4235789825374   24.4216
24.428355800961   24.4705
24.4331359331396   24.4999
24.4379169728113   24.4805
24.4427008479421   24.7051
24.4474851498212   24.8028
24.4522718073587   24.6858
24.4570598570894   24.6566
24.4618512305691   24.3834
24.4666449647135   24.3737
24.4714386455255   24.3424
24.4762342051303   24.25
24.4810321281454   24.2748
24.4858328999476   24.2508
24.4906341033218   24.2658
24.4954391262412   24.2871
24.5002440979184   24.3077
24.5050509550308   24.3088
24.509861637297   24.339
24.5146722693718   24.3205
24.5194862453134   24.3629
24.5242996861621   24.3552
24.5291174443127   24.3275
24.5339370957165   24.2796
24.5387576698985   24.3392
24.5435811107762   24.3576
24.5484035311922   24.4462
24.5532312516188   24.3676
24.55806038471   24.4463
24.5628899575092   24.4759
24.5677233780161   24.5448
24.5725552911694   24.4663
24.5773920293103   24.3976
24.5822296968677   24.3011
24.5870702446561   24.3055
24.5919131870511   24.359
24.5967546209982   24.3144
24.6016008913181   24.2894
24.6064476062862   24.235
24.6112981860028   24.2425
24.616148722992   24.1507
24.6210011723019   24.3623
24.6258574920649   24.2901
24.6307137701822   24.394
24.6355739225627   24.2435
24.640434034021   24.318
24.6452960634654   24.2847
24.6501600120315   24.3199
24.6550278424961   24.1888
24.6598971053021   24.1946
24.6647668194123   24.2102
24.6696389481878   24.2846
24.6745125109798   24.2219
24.6793899652456   24.1395
24.6842673818665   24.2145
24.6891482020326   24.2505
24.6940294768609   24.1885
24.6989131743754   24.3423
24.7037997886582   24.3196
24.7086868592895   24.2183
24.7135778348575   24.2053
24.7184672965428   24.2909
24.7233621452496   24.3478
24.7282584396072   24.2474
24.7331551931354   24.1273
24.7380553675392   24.2235
24.7429550144179   24.1722
24.7478590730902   24.1602
24.7527655704247   24.1876
24.7576720356559   24.3233
24.7625819304752   24.3114
24.767491298651   24.3739
24.7724050893045   24.2098
24.7773193442439   24.1737
24.7822370357636   24.1376
24.7871571754342   24.2888
24.7920757979903   24.1837
24.7969993494262   24.1772
24.8019238642809   24.1505
24.8068513284113   24.015
24.8117310843492   24.2346
24.8167096484049   24.1978
24.8216429899329   24.1807
24.8265270757453   24.1636
24.8314643216683   24.2156
24.8364040293721   24.2774
24.8413437113723   24.0629
24.8462853586579   24.0493
24.8512289724021   23.9413
24.8561765475581   24.0502
24.8611240985362   24.09
24.8660756148658   24.0117
24.8710271077834   24.1005
24.8759805730399   24.0222
24.8809380095676   23.9539
24.8858954238353   24.0585
24.8908563134913   23.9381
24.8958161811874   24.0436
24.9007815275771   23.8738
24.9057483545541   24.0582
24.9107161620705   23.957
24.9156869534515   23.9642
24.9206567228088   24.0306
24.9256319837763   23.956
24.930607225965   23.8593
24.9355859596055   23.8513
24.9405671840209   23.7745
24.94554688472   24.0321
24.950531587754   23.9461
24.9555172784324   23.9931
24.9605059672964   23.9319
24.9654966510693   23.8706
24.9704868157481   23.8388
24.9754814919242   23.935
24.9804766562743   23.8343
24.9854758336932   23.8517
24.9904749970345   23.7903
24.9954761612692   23.8165
25.0004813445951   23.7548
25.0054865150295   23.7425
25.0104952039247   23.8285
25.0155048900278   23.7669
25.0205160783892   23.7152
25.0255292748684   23.6341
25.0305465025232   23.7443
25.0355652366676   23.624
25.0405844661674   23.8075
25.0456062146918   23.7166
25.0506294715131   23.6159
25.0556562631433   23.6622
25.0606840592224   23.7085
25.065714887281   23.6764
25.070746214318   23.5738
25.0757800688825   23.7525
25.080816960298   23.5395
25.0858543525115   23.6986
25.0908958002277   23.652
25.0959357179382   23.6936
25.1009807106234   23.4418
25.1060282406046   23.4345
25.1110757661178   23.691
25.1161268484072   23.4398
25.121177417503   23.5021
25.1262325649048   23.6036
25.131288218597   23.5486
25.1363479461756   23.8069
25.1414092015825   23.6834
25.1464694346556   23.607
25.1515352776198   23.6575
25.1566011197919   23.6295
25.1616705353435   23.4936
25.1667425054048   23.5441
25.1718129423557   23.4374
25.1768884911797   23.3427
25.181965064052   23.5109
25.1870447081853   23.2871
25.19212486601   23.3764
25.1972075857721   23.2899
25.2022933817555   23.4176
25.2073796932946   23.438
25.212470109628   23.3445
25.2175605301334   23.3497
25.2226530065749   23.3938
25.2277480536568   23.4964
25.2328461869146   23.4335
25.2379463810948   23.4582
25.2430476092843   23.3757
25.2481503857761   23.4857
25.2532552256949   23.3422
25.2583641891147   23.3253
25.2634731604769   23.3476
25.2685857443919   23.3502
25.2736993673373   23.83
25.9931296662262   22.1494
26.9928654378594   21.2933
27.9926011790129   20.8323
28.9923369377446   20.4152
29.992072745018   20.075
30.9918084856877   19.4933
31.9915442355496   19.1859
32.9912800035543   18.725
33.9910157557546   18.2859
34.9907514935214   18.1103
35.9904872766047   17.8249
36.9902230342881   17.6274
37.9899588164844   17.4408
38.9896945402209   17.331
39.9894302944371   17.2322
40.989166038574   17.0347
41.988901863345   16.7273
42.9886375838562   16.42
43.9883733380724   16.1127
44.988109063099   15.52
45.9878448534393   15.0809
46.9875805618553   14.7078
47.9873164152515   14.1809
48.9870521739025   13.5992
49.9867878277293   13.2809
50.9865237035417   12.8309
51.9862593324525   12.4138
52.985995097393   12.0296
53.9857309932834   11.7113
54.9854667213741   11.382
55.9852024844601   10.943
56.984938050073   10.6028
57.9846740111158   10.3503
58.9844097271114   10.0759
59.9841453448946   9.82346
60.9838812777154   9.6259
61.9836168163966   9.3954
62.9833526883386   9.11003
63.9830884710993   8.90149
64.9828240974297   8.67099
65.9825600071086   8.4405
66.9822958836467   8.31976
67.9820313250831   8.05634
68.9817672801589   7.92463
69.9815031845965   7.71608
70.981238589425   7.46364
71.9809743442057   7.28802
72.9807101460766   7.12338
73.9804460685763   6.95874
74.9801815904049   6.76118
94.9748966045771   4.15988
114.969612560153   2.82082
134.964327189297   2.03055
154.959043203332   1.43785
174.953758455375   1.16345
194.948473314327   0.900027
214.943187919281   0.801243
234.937904590484   0.669532
254.932619566355   0.526845
274.927333606871   0.669532
299.920728175887   0.471965
